fname,E,N,Z
SC.WCH_20181117100136.mseed,BHE,BHN,BHZ
SC.JMG_20180731093838.mseed,BHE,BHN,BHZ
SC.JZG_20181125082656.mseed,BHE,BHN,BHZ
SC.GZA_20180830095506.mseed,BHE,BHN,BHZ
SC.WCH_20180517101920.mseed,BHE,BHN,BHZ
SC.JMG_20181107042901.mseed,BHE,BHN,BHZ
SC.WCH_20180322180750.mseed,BHE,BHN,BHZ
SC.JMG_20180403035333.mseed,BHE,BHN,BHZ
SC.PWU_20180218132852.mseed,BHE,BHN,BHZ
SC.WCH_20180627103639.mseed,BHE,BHN,BHZ
SC.PWU_20181015071741.mseed,BHE,BHN,BHZ
SC.JZG_20180311171104.mseed,BHE,BHN,BHZ
SC.YZP_20180429192752.mseed,BHE,BHN,BHZ
SC.JZG_20181024123428.mseed,BHE,BHN,BHZ
SC.GZA_20180605212747.mseed,BHE,BHN,BHZ
SC.GZA_20180519064412.mseed,BHE,BHN,BHZ
SC.GZA_20180825211004.mseed,BHE,BHN,BHZ
SC.WCH_20180913102047.mseed,BHE,BHN,BHZ
SC.AXI_20180817154626.mseed,BHE,BHN,BHZ
SC.PWU_20180219170920.mseed,BHE,BHN,BHZ
SC.WCH_20180514065902.mseed,BHE,BHN,BHZ
SC.PWU_20180426124507.mseed,BHE,BHN,BHZ
SC.WCH_20180618042824.mseed,BHE,BHN,BHZ
SC.TQU_20180502043613.mseed,BHE,BHN,BHZ
SC.PWU_20180112103332.mseed,BHE,BHN,BHZ
SC.WCH_20180403213942.mseed,BHE,BHN,BHZ
SC.WCH_20180330092813.mseed,BHE,BHN,BHZ
SC.JZG_20181014130248.mseed,BHE,BHN,BHZ
SC.PWU_20180205235728.mseed,BHE,BHN,BHZ
SC.JZG_20180513010752.mseed,BHE,BHN,BHZ
SC.PWU_20180502033519.mseed,BHE,BHN,BHZ
SC.JMG_20180113164656.mseed,BHE,BHN,BHZ
SC.JMG_20180525135609.mseed,BHE,BHN,BHZ
SC.JZG_20180803081614.mseed,BHE,BHN,BHZ
SC.AXI_20180531075107.mseed,BHE,BHN,BHZ
SC.PWU_20180328132916.mseed,BHE,BHN,BHZ
SC.GZA_20180418022407.mseed,BHE,BHN,BHZ
SC.YZP_20180429171459.mseed,BHE,BHN,BHZ
SC.GZA_20180907215706.mseed,BHE,BHN,BHZ
SC.MDS_20180304044129.mseed,BHE,BHN,BHZ
SC.YZP_20180311083507.mseed,BHE,BHN,BHZ
SC.AXI_20180911151424.mseed,BHE,BHN,BHZ
SC.WCH_20180302172239.mseed,BHE,BHN,BHZ
SC.PWU_20181228201140.mseed,BHE,BHN,BHZ
SC.AXI_20180526050214.mseed,BHE,BHN,BHZ
SC.PWU_20180723074841.mseed,BHE,BHN,BHZ
SC.JZG_20180201151240.mseed,BHE,BHN,BHZ
SC.GZA_20181120060111.mseed,BHE,BHN,BHZ
SC.PWU_20180629090643.mseed,BHE,BHN,BHZ
SC.JZG_20180108041514.mseed,BHE,BHN,BHZ
SC.WCH_20180317165922.mseed,BHE,BHN,BHZ
SC.WCH_20181006180841.mseed,BHE,BHN,BHZ
SC.JMG_20180624185728.mseed,BHE,BHN,BHZ
SC.YZP_20180117131002.mseed,BHE,BHN,BHZ
SC.MDS_20180527211510.mseed,BHE,BHN,BHZ
SC.PWU_20180421193323.mseed,BHE,BHN,BHZ
SC.MDS_20180805061116.mseed,BHE,BHN,BHZ
SC.WCH_20180916133703.mseed,BHE,BHN,BHZ
SC.JZG_20180101195645.mseed,BHE,BHN,BHZ
SC.GZA_20181022132512.mseed,BHE,BHN,BHZ
SC.JZG_20180104234941.mseed,BHE,BHN,BHZ
SC.WCH_20180525062408.mseed,BHE,BHN,BHZ
SC.WCH_20180825140301.mseed,BHE,BHN,BHZ
SC.JMG_20180208221138.mseed,BHE,BHN,BHZ
SC.PWU_20180528213032.mseed,BHE,BHN,BHZ
SC.WCH_20180228062835.mseed,BHE,BHN,BHZ
SC.WCH_20180530081016.mseed,BHE,BHN,BHZ
SC.WCH_20181118193338.mseed,BHE,BHN,BHZ
SC.PWU_20180315035506.mseed,BHE,BHN,BHZ
SC.YZP_20180815190117.mseed,BHE,BHN,BHZ
SC.PWU_20180504054531.mseed,BHE,BHN,BHZ
SC.PWU_20180115085922.mseed,BHE,BHN,BHZ
SC.JZG_20180607181154.mseed,BHE,BHN,BHZ
SC.YZP_20180501001753.mseed,BHE,BHN,BHZ
SC.WCH_20181010075303.mseed,BHE,BHN,BHZ
SC.JMG_20180118035729.mseed,BHE,BHN,BHZ
SC.MDS_20180325104617.mseed,BHE,BHN,BHZ
SC.YZP_20181120060111.mseed,BHE,BHN,BHZ
SC.PWU_20180830234531.mseed,BHE,BHN,BHZ
SC.ZJG_20180717192132.mseed,BHE,BHN,BHZ
SC.PWU_20180905010905.mseed,BHE,BHN,BHZ
SC.GZA_20181015194851.mseed,BHE,BHN,BHZ
SC.WCH_20180208060628.mseed,BHE,BHN,BHZ
SC.AXI_20180921050735.mseed,BHE,BHN,BHZ
SC.JZG_20180512030447.mseed,BHE,BHN,BHZ
SC.TQU_20180508231133.mseed,BHE,BHN,BHZ
SC.JMG_20181114071459.mseed,BHE,BHN,BHZ
SC.GZA_20180923060401.mseed,BHE,BHN,BHZ
SC.TQU_20181104111311.mseed,BHE,BHN,BHZ
SC.PWU_20180503114228.mseed,BHE,BHN,BHZ
SC.TQU_20180927180336.mseed,BHE,BHN,BHZ
SC.ZJG_20180320122831.mseed,BHE,BHN,BHZ
SC.PWU_20180908223656.mseed,BHE,BHN,BHZ
SC.WCH_20180621095800.mseed,BHE,BHN,BHZ
SC.TQU_20180818190201.mseed,BHE,BHN,BHZ
SC.PWU_20180227034903.mseed,BHE,BHN,BHZ
SC.JMG_20180508213051.mseed,BHE,BHN,BHZ
SC.JZG_20180310123909.mseed,BHE,BHN,BHZ
SC.GZA_20181026133638.mseed,BHE,BHN,BHZ
SC.JMG_20181217222315.mseed,BHE,BHN,BHZ
SC.PWU_20180621054306.mseed,BHE,BHN,BHZ
SC.MDS_20180612214658.mseed,BHE,BHN,BHZ
SC.GZA_20180516133206.mseed,BHE,BHN,BHZ
SC.AXI_20180914004712.mseed,BHE,BHN,BHZ
SC.AXI_20180623175419.mseed,BHE,BHN,BHZ
SC.JMG_20180317065733.mseed,BHE,BHN,BHZ
SC.WCH_20180323142655.mseed,BHE,BHN,BHZ
SC.WCH_20180902153027.mseed,BHE,BHN,BHZ
SC.ZJG_20180424150637.mseed,BHE,BHN,BHZ
SC.GZA_20181125173736.mseed,BHE,BHN,BHZ
SC.WCH_20180722071703.mseed,BHE,BHN,BHZ
SC.GZA_20180602073451.mseed,BHE,BHN,BHZ
SC.MDS_20181108140653.mseed,BHE,BHN,BHZ
SC.PWU_20180320060237.mseed,BHE,BHN,BHZ
SC.JMG_20181117181950.mseed,BHE,BHN,BHZ
SC.MDS_20180720152822.mseed,BHE,BHN,BHZ
SC.TQU_20180312231009.mseed,BHE,BHN,BHZ
SC.PWU_20180726192447.mseed,BHE,BHN,BHZ
SC.AXI_20180303004821.mseed,BHE,BHN,BHZ
SC.YZP_20180410024914.mseed,BHE,BHN,BHZ
SC.PWU_20181205064718.mseed,BHE,BHN,BHZ
SC.ZJG_20180713160353.mseed,BHE,BHN,BHZ
SC.GZA_20181224020216.mseed,BHE,BHN,BHZ
SC.JZG_20180312234610.mseed,BHE,BHN,BHZ
SC.JZG_20180827221228.mseed,BHE,BHN,BHZ
SC.PWU_20180529151206.mseed,BHE,BHN,BHZ
SC.WCH_20180719004636.mseed,BHE,BHN,BHZ
SC.ZJG_20180308144239.mseed,BHE,BHN,BHZ
SC.TQU_20180516221617.mseed,BHE,BHN,BHZ
SC.PWU_20180424191930.mseed,BHE,BHN,BHZ
SC.MDS_20180521114653.mseed,BHE,BHN,BHZ
SC.JZG_20180309202720.mseed,BHE,BHN,BHZ
SC.PWU_20181010173554.mseed,BHE,BHN,BHZ
SC.AXI_20180307155714.mseed,BHE,BHN,BHZ
SC.AXI_20180803223524.mseed,BHE,BHN,BHZ
SC.JMG_20180913194229.mseed,BHE,BHN,BHZ
SC.JMG_20180506072731.mseed,BHE,BHN,BHZ
SC.AXI_20181127033257.mseed,BHE,BHN,BHZ
SC.JZG_20180418042255.mseed,BHE,BHN,BHZ
SC.ZJG_20180404120142.mseed,BHE,BHN,BHZ
SC.WCH_20180424124328.mseed,BHE,BHN,BHZ
SC.GZA_20180808205829.mseed,BHE,BHN,BHZ
SC.MDS_20181012184645.mseed,BHE,BHN,BHZ
SC.GZA_20180405210514.mseed,BHE,BHN,BHZ
SC.PWU_20181112195443.mseed,BHE,BHN,BHZ
SC.MDS_20180303154248.mseed,BHE,BHN,BHZ
SC.JZG_20180508231133.mseed,BHE,BHN,BHZ
SC.TQU_20180803081614.mseed,BHE,BHN,BHZ
SC.YZP_20180814073118.mseed,BHE,BHN,BHZ
SC.GZA_20181002210443.mseed,BHE,BHN,BHZ
SC.WCH_20180813065856.mseed,BHE,BHN,BHZ
SC.PWU_20180225184547.mseed,BHE,BHN,BHZ
SC.GZA_20180605010714.mseed,BHE,BHN,BHZ
SC.WCH_20180918091631.mseed,BHE,BHN,BHZ
SC.JZG_20180622214832.mseed,BHE,BHN,BHZ
SC.GZA_20180906234352.mseed,BHE,BHN,BHZ
SC.AXI_20180225043037.mseed,BHE,BHN,BHZ
SC.PWU_20181127212551.mseed,BHE,BHN,BHZ
SC.JMG_20180404115901.mseed,BHE,BHN,BHZ
SC.GZA_20181027204145.mseed,BHE,BHN,BHZ
SC.WCH_20180910100655.mseed,BHE,BHN,BHZ
SC.JMG_20180911121921.mseed,BHE,BHN,BHZ
SC.JMG_20181211221331.mseed,BHE,BHN,BHZ
SC.JMG_20180907154352.mseed,BHE,BHN,BHZ
SC.WCH_20180227133905.mseed,BHE,BHN,BHZ
SC.JMG_20181130190831.mseed,BHE,BHN,BHZ
SC.YZP_20180329121837.mseed,BHE,BHN,BHZ
SC.MDS_20180515175137.mseed,BHE,BHN,BHZ
SC.WCH_20181004181532.mseed,BHE,BHN,BHZ
SC.JMG_20180809195443.mseed,BHE,BHN,BHZ
SC.YZP_20180831114743.mseed,BHE,BHN,BHZ
SC.JZG_20181021211957.mseed,BHE,BHN,BHZ
SC.TQU_20181009124243.mseed,BHE,BHN,BHZ
SC.PWU_20180812071342.mseed,BHE,BHN,BHZ
SC.ZJG_20181225130444.mseed,BHE,BHN,BHZ
SC.PWU_20180425203208.mseed,BHE,BHN,BHZ
SC.PWU_20180908044909.mseed,BHE,BHN,BHZ
SC.PWU_20180903221823.mseed,BHE,BHN,BHZ
SC.AXI_20180220025017.mseed,BHE,BHN,BHZ
SC.PWU_20180611031940.mseed,BHE,BHN,BHZ
SC.JMG_20180605204609.mseed,BHE,BHN,BHZ
SC.PWU_20180311075845.mseed,BHE,BHN,BHZ
SC.PWU_20180425213700.mseed,BHE,BHN,BHZ
SC.PWU_20181009235205.mseed,BHE,BHN,BHZ
SC.MDS_20181027114006.mseed,BHE,BHN,BHZ
SC.YZP_20180209043753.mseed,BHE,BHN,BHZ
SC.PWU_20180510025801.mseed,BHE,BHN,BHZ
SC.WCH_20181112213851.mseed,BHE,BHN,BHZ
SC.AXI_20181210071409.mseed,BHE,BHN,BHZ
SC.MDS_20180723064349.mseed,BHE,BHN,BHZ
SC.JZG_20180113031109.mseed,BHE,BHN,BHZ
SC.JZG_20180416233944.mseed,BHE,BHN,BHZ
SC.PWU_20181025053034.mseed,BHE,BHN,BHZ
SC.JZG_20180308023351.mseed,BHE,BHN,BHZ
SC.JMG_20180404205708.mseed,BHE,BHN,BHZ
SC.PWU_20181014191326.mseed,BHE,BHN,BHZ
SC.PWU_20181127211833.mseed,BHE,BHN,BHZ
SC.AXI_20180910180130.mseed,BHE,BHN,BHZ
SC.PWU_20181224141821.mseed,BHE,BHN,BHZ
SC.JZG_20180909081008.mseed,BHE,BHN,BHZ
SC.ZJG_20180708131757.mseed,BHE,BHN,BHZ
SC.JZG_20180119013650.mseed,BHE,BHN,BHZ
SC.TQU_20180413181922.mseed,BHE,BHN,BHZ
SC.GZA_20180905012549.mseed,BHE,BHN,BHZ
SC.JZG_20180114144541.mseed,BHE,BHN,BHZ
SC.PWU_20181121081721.mseed,BHE,BHN,BHZ
SC.ZJG_20180314110408.mseed,BHE,BHN,BHZ
SC.ZJG_20181023143131.mseed,BHE,BHN,BHZ
SC.JMG_20180414173333.mseed,BHE,BHN,BHZ
SC.GZA_20180524205911.mseed,BHE,BHN,BHZ
SC.AXI_20180502223930.mseed,BHE,BHN,BHZ
SC.WCH_20181217224156.mseed,BHE,BHN,BHZ
SC.PWU_20180730231547.mseed,BHE,BHN,BHZ
SC.YZP_20180516042208.mseed,BHE,BHN,BHZ
SC.JMG_20180903095648.mseed,BHE,BHN,BHZ
SC.JZG_20180215112817.mseed,BHE,BHN,BHZ
SC.TQU_20181112233250.mseed,BHE,BHN,BHZ
SC.PWU_20180820205949.mseed,BHE,BHN,BHZ
SC.WCH_20180223081050.mseed,BHE,BHN,BHZ
SC.MDS_20180609101405.mseed,BHE,BHN,BHZ
SC.PWU_20180503201706.mseed,BHE,BHN,BHZ
SC.WCH_20181008212540.mseed,BHE,BHN,BHZ
SC.MDS_20180502043613.mseed,BHE,BHN,BHZ
SC.JZG_20180120090327.mseed,BHE,BHN,BHZ
SC.PWU_20180907085414.mseed,BHE,BHN,BHZ
SC.PWU_20180524194939.mseed,BHE,BHN,BHZ
SC.JMG_20180301164308.mseed,BHE,BHN,BHZ
SC.AXI_20180526034625.mseed,BHE,BHN,BHZ
SC.WCH_20180518191508.mseed,BHE,BHN,BHZ
SC.JMG_20180913021350.mseed,BHE,BHN,BHZ
SC.ZJG_20180815103212.mseed,BHE,BHN,BHZ
SC.GZA_20180808164916.mseed,BHE,BHN,BHZ
SC.AXI_20180721175716.mseed,BHE,BHN,BHZ
SC.GZA_20180902231551.mseed,BHE,BHN,BHZ
SC.AXI_20180901211256.mseed,BHE,BHN,BHZ
SC.PWU_20181020233845.mseed,BHE,BHN,BHZ
SC.TQU_20180909174511.mseed,BHE,BHN,BHZ
SC.AXI_20180308055128.mseed,BHE,BHN,BHZ
SC.MDS_20180404200424.mseed,BHE,BHN,BHZ
SC.JMG_20180106014532.mseed,BHE,BHN,BHZ
SC.JMG_20180411133845.mseed,BHE,BHN,BHZ
SC.AXI_20180206023530.mseed,BHE,BHN,BHZ
SC.PWU_20180811120749.mseed,BHE,BHN,BHZ
SC.PWU_20180118090128.mseed,BHE,BHN,BHZ
SC.AXI_20180602152142.mseed,BHE,BHN,BHZ
SC.ZJG_20180317162541.mseed,BHE,BHN,BHZ
SC.JMG_20181205183143.mseed,BHE,BHN,BHZ
SC.JMG_20180308084730.mseed,BHE,BHN,BHZ
SC.PWU_20180610044340.mseed,BHE,BHN,BHZ
SC.ZJG_20180202144744.mseed,BHE,BHN,BHZ
SC.JZG_20180708211451.mseed,BHE,BHN,BHZ
SC.YZP_20181121172334.mseed,BHE,BHN,BHZ
SC.GZA_20180222145214.mseed,BHE,BHN,BHZ
SC.WCH_20181008121626.mseed,BHE,BHN,BHZ
SC.TQU_20180610173836.mseed,BHE,BHN,BHZ
SC.PWU_20180401145804.mseed,BHE,BHN,BHZ
SC.AXI_20180423012654.mseed,BHE,BHN,BHZ
SC.WCH_20180208145157.mseed,BHE,BHN,BHZ
SC.WCH_20180815215026.mseed,BHE,BHN,BHZ
SC.PWU_20180201045801.mseed,BHE,BHN,BHZ
SC.TQU_20180215030627.mseed,BHE,BHN,BHZ
SC.GZA_20180218230137.mseed,BHE,BHN,BHZ
SC.YZP_20180331140241.mseed,BHE,BHN,BHZ
SC.WCH_20180814073118.mseed,BHE,BHN,BHZ
SC.GZA_20180926121925.mseed,BHE,BHN,BHZ
SC.PWU_20180418221547.mseed,BHE,BHN,BHZ
SC.ZJG_20180426162602.mseed,BHE,BHN,BHZ
SC.PWU_20180923180721.mseed,BHE,BHN,BHZ
SC.PWU_20180411171825.mseed,BHE,BHN,BHZ
SC.WCH_20180623212649.mseed,BHE,BHN,BHZ
SC.WCH_20181227053458.mseed,BHE,BHN,BHZ
SC.WCH_20180428212753.mseed,BHE,BHN,BHZ
SC.ZJG_20180616182728.mseed,BHE,BHN,BHZ
SC.ZJG_20180901112840.mseed,BHE,BHN,BHZ
SC.JMG_20180819223928.mseed,BHE,BHN,BHZ
SC.JZG_20180124152527.mseed,BHE,BHN,BHZ
SC.YZP_20180608055134.mseed,BHE,BHN,BHZ
SC.AXI_20180617175906.mseed,BHE,BHN,BHZ
SC.JZG_20180223121005.mseed,BHE,BHN,BHZ
SC.YZP_20180706131945.mseed,BHE,BHN,BHZ
SC.AXI_20180222073325.mseed,BHE,BHN,BHZ
SC.WCH_20180305200527.mseed,BHE,BHN,BHZ
SC.JZG_20181018102707.mseed,BHE,BHN,BHZ
SC.AXI_20180602182325.mseed,BHE,BHN,BHZ
SC.JZG_20180309215919.mseed,BHE,BHN,BHZ
SC.PWU_20180516181635.mseed,BHE,BHN,BHZ
SC.JMG_20180502045607.mseed,BHE,BHN,BHZ
SC.PWU_20180920055149.mseed,BHE,BHN,BHZ
SC.JZG_20180406220606.mseed,BHE,BHN,BHZ
SC.PWU_20180812145158.mseed,BHE,BHN,BHZ
SC.WCH_20180604053528.mseed,BHE,BHN,BHZ
SC.JZG_20180216192350.mseed,BHE,BHN,BHZ
SC.AXI_20180618165907.mseed,BHE,BHN,BHZ
SC.JZG_20180811192657.mseed,BHE,BHN,BHZ
SC.AXI_20181129081220.mseed,BHE,BHN,BHZ
SC.PWU_20181128041143.mseed,BHE,BHN,BHZ
SC.JZG_20180716115554.mseed,BHE,BHN,BHZ
SC.YZP_20180515221627.mseed,BHE,BHN,BHZ
SC.PWU_20180826203952.mseed,BHE,BHN,BHZ
SC.WCH_20181221085129.mseed,BHE,BHN,BHZ
SC.AXI_20180502072530.mseed,BHE,BHN,BHZ
SC.WCH_20180911135826.mseed,BHE,BHN,BHZ
SC.JZG_20180104002431.mseed,BHE,BHN,BHZ
SC.YZP_20180421095331.mseed,BHE,BHN,BHZ
SC.WCH_20180311193741.mseed,BHE,BHN,BHZ
SC.JMG_20180225064808.mseed,BHE,BHN,BHZ
SC.AXI_20180201085049.mseed,BHE,BHN,BHZ
SC.PWU_20180729022322.mseed,BHE,BHN,BHZ
SC.PWU_20180630231340.mseed,BHE,BHN,BHZ
SC.PWU_20180405200128.mseed,BHE,BHN,BHZ
SC.PWU_20180810080410.mseed,BHE,BHN,BHZ
SC.WCH_20181125224034.mseed,BHE,BHN,BHZ
SC.ZJG_20180112130527.mseed,BHE,BHN,BHZ
SC.WCH_20180417125709.mseed,BHE,BHN,BHZ
SC.JMG_20180708112409.mseed,BHE,BHN,BHZ
SC.ZJG_20181117204609.mseed,BHE,BHN,BHZ
SC.WCH_20180531075110.mseed,BHE,BHN,BHZ
SC.JZG_20180304154901.mseed,BHE,BHN,BHZ
SC.PWU_20180820170815.mseed,BHE,BHN,BHZ
SC.WCH_20180526001843.mseed,BHE,BHN,BHZ
SC.WCH_20180619110016.mseed,BHE,BHN,BHZ
SC.JMG_20181003043024.mseed,BHE,BHN,BHZ
SC.YZP_20180502010537.mseed,BHE,BHN,BHZ
SC.JMG_20181223174801.mseed,BHE,BHN,BHZ
SC.YZP_20181208065621.mseed,BHE,BHN,BHZ
SC.GZA_20180116002515.mseed,BHE,BHN,BHZ
SC.ZJG_20180629181139.mseed,BHE,BHN,BHZ
SC.MDS_20180807141633.mseed,BHE,BHN,BHZ
SC.JZG_20180218231154.mseed,BHE,BHN,BHZ
SC.JMG_20180204121451.mseed,BHE,BHN,BHZ
SC.PWU_20180901225633.mseed,BHE,BHN,BHZ
SC.JMG_20180620140015.mseed,BHE,BHN,BHZ
SC.PWU_20180404205708.mseed,BHE,BHN,BHZ
SC.AXI_20180119015255.mseed,BHE,BHN,BHZ
SC.AXI_20180308223530.mseed,BHE,BHN,BHZ
SC.JZG_20181031223951.mseed,BHE,BHN,BHZ
SC.TQU_20180615101629.mseed,BHE,BHN,BHZ
SC.PWU_20181006160030.mseed,BHE,BHN,BHZ
SC.PWU_20180219054231.mseed,BHE,BHN,BHZ
SC.WCH_20181228094635.mseed,BHE,BHN,BHZ
SC.YZP_20180726020846.mseed,BHE,BHN,BHZ
SC.PWU_20180421213543.mseed,BHE,BHN,BHZ
SC.JZG_20180209003041.mseed,BHE,BHN,BHZ
SC.PWU_20181027182152.mseed,BHE,BHN,BHZ
SC.PWU_20180908202901.mseed,BHE,BHN,BHZ
SC.PWU_20180528135049.mseed,BHE,BHN,BHZ
SC.WCH_20180424180339.mseed,BHE,BHN,BHZ
SC.YZP_20180925014052.mseed,BHE,BHN,BHZ
SC.JMG_20180321213906.mseed,BHE,BHN,BHZ
SC.PWU_20180201122329.mseed,BHE,BHN,BHZ
SC.WCH_20180120111038.mseed,BHE,BHN,BHZ
SC.GZA_20181106181945.mseed,BHE,BHN,BHZ
SC.GZA_20180604030520.mseed,BHE,BHN,BHZ
SC.TQU_20180130223350.mseed,BHE,BHN,BHZ
SC.PWU_20180905163051.mseed,BHE,BHN,BHZ
SC.WCH_20180202144809.mseed,BHE,BHN,BHZ
SC.PWU_20180311055844.mseed,BHE,BHN,BHZ
SC.GZA_20180530101541.mseed,BHE,BHN,BHZ
SC.AXI_20180210021201.mseed,BHE,BHN,BHZ
SC.GZA_20180909022258.mseed,BHE,BHN,BHZ
SC.WCH_20180321223420.mseed,BHE,BHN,BHZ
SC.YZP_20181001221949.mseed,BHE,BHN,BHZ
SC.GZA_20180220114857.mseed,BHE,BHN,BHZ
SC.JMG_20180812020601.mseed,BHE,BHN,BHZ
SC.JZG_20180419225229.mseed,BHE,BHN,BHZ
SC.YZP_20181128122900.mseed,BHE,BHN,BHZ
SC.PWU_20180421152343.mseed,BHE,BHN,BHZ
SC.PWU_20181130212028.mseed,BHE,BHN,BHZ
SC.JZG_20180308084730.mseed,BHE,BHN,BHZ
SC.WCH_20181008113605.mseed,BHE,BHN,BHZ
SC.JMG_20180607144917.mseed,BHE,BHN,BHZ
SC.GZA_20180510005826.mseed,BHE,BHN,BHZ
SC.ZJG_20181114181602.mseed,BHE,BHN,BHZ
SC.YZP_20181125011712.mseed,BHE,BHN,BHZ
SC.WCH_20180606191807.mseed,BHE,BHN,BHZ
SC.JZG_20180318122925.mseed,BHE,BHN,BHZ
SC.MDS_20180923115151.mseed,BHE,BHN,BHZ
SC.PWU_20180613110111.mseed,BHE,BHN,BHZ
SC.PWU_20180831211529.mseed,BHE,BHN,BHZ
SC.PWU_20180909111611.mseed,BHE,BHN,BHZ
SC.GZA_20180511225602.mseed,BHE,BHN,BHZ
SC.AXI_20180712072825.mseed,BHE,BHN,BHZ
SC.AXI_20180302214026.mseed,BHE,BHN,BHZ
SC.GZA_20180224175832.mseed,BHE,BHN,BHZ
SC.AXI_20180225140518.mseed,BHE,BHN,BHZ
SC.YZP_20180504200928.mseed,BHE,BHN,BHZ
SC.TQU_20180523150624.mseed,BHE,BHN,BHZ
SC.MDS_20181126140828.mseed,BHE,BHN,BHZ
SC.MDS_20181104111545.mseed,BHE,BHN,BHZ
SC.WCH_20180619115554.mseed,BHE,BHN,BHZ
SC.PWU_20181002114153.mseed,BHE,BHN,BHZ
SC.PWU_20181006141042.mseed,BHE,BHN,BHZ
SC.JZG_20180222222238.mseed,BHE,BHN,BHZ
SC.PWU_20181127033257.mseed,BHE,BHN,BHZ
SC.JZG_20180227133905.mseed,BHE,BHN,BHZ
SC.JZG_20180917075143.mseed,BHE,BHN,BHZ
SC.PWU_20181009215528.mseed,BHE,BHN,BHZ
SC.PWU_20180429060053.mseed,BHE,BHN,BHZ
SC.MDS_20180516174401.mseed,BHE,BHN,BHZ
SC.WCH_20181025131632.mseed,BHE,BHN,BHZ
SC.PWU_20180304170459.mseed,BHE,BHN,BHZ
SC.MDS_20181021074309.mseed,BHE,BHN,BHZ
SC.WCH_20180603195549.mseed,BHE,BHN,BHZ
SC.WCH_20181027230550.mseed,BHE,BHN,BHZ
SC.AXI_20180406062228.mseed,BHE,BHN,BHZ
SC.WCH_20180222081048.mseed,BHE,BHN,BHZ
SC.TQU_20180922193655.mseed,BHE,BHN,BHZ
SC.GZA_20181125081021.mseed,BHE,BHN,BHZ
SC.WCH_20180316093435.mseed,BHE,BHN,BHZ
SC.GZA_20180424052742.mseed,BHE,BHN,BHZ
SC.WCH_20180416124307.mseed,BHE,BHN,BHZ
SC.PWU_20180318021730.mseed,BHE,BHN,BHZ
SC.WCH_20180325012128.mseed,BHE,BHN,BHZ
SC.JMG_20180307151748.mseed,BHE,BHN,BHZ
SC.PWU_20180908163433.mseed,BHE,BHN,BHZ
SC.ZJG_20180629084220.mseed,BHE,BHN,BHZ
SC.WCH_20180403013932.mseed,BHE,BHN,BHZ
SC.ZJG_20180711214053.mseed,BHE,BHN,BHZ
SC.TQU_20180922052039.mseed,BHE,BHN,BHZ
SC.ZJG_20181019103448.mseed,BHE,BHN,BHZ
SC.TQU_20180119084636.mseed,BHE,BHN,BHZ
SC.JZG_20180607223447.mseed,BHE,BHN,BHZ
SC.AXI_20180912151213.mseed,BHE,BHN,BHZ
SC.PWU_20181007232122.mseed,BHE,BHN,BHZ
SC.JMG_20180527110730.mseed,BHE,BHN,BHZ
SC.TQU_20180326080533.mseed,BHE,BHN,BHZ
SC.JZG_20180919233929.mseed,BHE,BHN,BHZ
SC.ZJG_20180729135207.mseed,BHE,BHN,BHZ
SC.JZG_20180329014627.mseed,BHE,BHN,BHZ
SC.AXI_20180530115824.mseed,BHE,BHN,BHZ
SC.WCH_20180809195443.mseed,BHE,BHN,BHZ
SC.WCH_20180320122831.mseed,BHE,BHN,BHZ
SC.PWU_20180913021350.mseed,BHE,BHN,BHZ
SC.ZJG_20181103152314.mseed,BHE,BHN,BHZ
SC.JZG_20180805141534.mseed,BHE,BHN,BHZ
SC.WCH_20180329034136.mseed,BHE,BHN,BHZ
SC.WCH_20180505221839.mseed,BHE,BHN,BHZ
SC.JZG_20180722021220.mseed,BHE,BHN,BHZ
SC.YZP_20180516065755.mseed,BHE,BHN,BHZ
SC.WCH_20180106123726.mseed,BHE,BHN,BHZ
SC.PWU_20180429060611.mseed,BHE,BHN,BHZ
SC.TQU_20180326224125.mseed,BHE,BHN,BHZ
SC.MDS_20181115185728.mseed,BHE,BHN,BHZ
SC.WCH_20180117131002.mseed,BHE,BHN,BHZ
SC.PWU_20181228203448.mseed,BHE,BHN,BHZ
SC.PWU_20180201065729.mseed,BHE,BHN,BHZ
SC.WCH_20180401145804.mseed,BHE,BHN,BHZ
SC.WCH_20180621053033.mseed,BHE,BHN,BHZ
SC.MDS_20180530081450.mseed,BHE,BHN,BHZ
SC.YZP_20181216201623.mseed,BHE,BHN,BHZ
SC.PWU_20180322074848.mseed,BHE,BHN,BHZ
SC.MDS_20181103121310.mseed,BHE,BHN,BHZ
SC.ZJG_20180810080410.mseed,BHE,BHN,BHZ
SC.ZJG_20180413181653.mseed,BHE,BHN,BHZ
SC.PWU_20180118091356.mseed,BHE,BHN,BHZ
SC.MDS_20180303152957.mseed,BHE,BHN,BHZ
SC.PWU_20180724104551.mseed,BHE,BHN,BHZ
SC.WCH_20180127063446.mseed,BHE,BHN,BHZ
SC.GZA_20181023091430.mseed,BHE,BHN,BHZ
SC.GZA_20181221072115.mseed,BHE,BHN,BHZ
SC.JMG_20180122033347.mseed,BHE,BHN,BHZ
SC.JZG_20180313031832.mseed,BHE,BHN,BHZ
SC.PWU_20180216193258.mseed,BHE,BHN,BHZ
SC.YZP_20180426124507.mseed,BHE,BHN,BHZ
SC.GZA_20180518132640.mseed,BHE,BHN,BHZ
SC.GZA_20180210044017.mseed,BHE,BHN,BHZ
SC.AXI_20180406042003.mseed,BHE,BHN,BHZ
SC.WCH_20181109133010.mseed,BHE,BHN,BHZ
SC.WCH_20180217142848.mseed,BHE,BHN,BHZ
SC.WCH_20181005044433.mseed,BHE,BHN,BHZ
SC.WCH_20181005193647.mseed,BHE,BHN,BHZ
SC.AXI_20180502070041.mseed,BHE,BHN,BHZ
SC.WCH_20181009194526.mseed,BHE,BHN,BHZ
SC.JMG_20180302220931.mseed,BHE,BHN,BHZ
SC.WCH_20180203093635.mseed,BHE,BHN,BHZ
SC.PWU_20180819044507.mseed,BHE,BHN,BHZ
SC.WCH_20180303185753.mseed,BHE,BHN,BHZ
SC.AXI_20180117122922.mseed,BHE,BHN,BHZ
SC.PWU_20180519211524.mseed,BHE,BHN,BHZ
SC.MDS_20181002133446.mseed,BHE,BHN,BHZ
SC.ZJG_20180911155311.mseed,BHE,BHN,BHZ
SC.WCH_20180426011019.mseed,BHE,BHN,BHZ
SC.GZA_20181118211740.mseed,BHE,BHN,BHZ
SC.PWU_20180919194628.mseed,BHE,BHN,BHZ
SC.WCH_20180115052459.mseed,BHE,BHN,BHZ
SC.PWU_20180916034321.mseed,BHE,BHN,BHZ
SC.PWU_20180329072527.mseed,BHE,BHN,BHZ
SC.WCH_20180530064913.mseed,BHE,BHN,BHZ
SC.WCH_20180917022141.mseed,BHE,BHN,BHZ
SC.JZG_20180925091751.mseed,BHE,BHN,BHZ
SC.JZG_20180218114412.mseed,BHE,BHN,BHZ
SC.GZA_20180512231224.mseed,BHE,BHN,BHZ
SC.TQU_20180315225612.mseed,BHE,BHN,BHZ
SC.YZP_20180604015659.mseed,BHE,BHN,BHZ
SC.WCH_20180201045434.mseed,BHE,BHN,BHZ
SC.YZP_20180320230859.mseed,BHE,BHN,BHZ
SC.GZA_20180406152407.mseed,BHE,BHN,BHZ
SC.TQU_20181227030518.mseed,BHE,BHN,BHZ
SC.AXI_20180503031540.mseed,BHE,BHN,BHZ
SC.WCH_20180117132117.mseed,BHE,BHN,BHZ
SC.WCH_20180117111213.mseed,BHE,BHN,BHZ
SC.GZA_20181028211323.mseed,BHE,BHN,BHZ
SC.GZA_20181023142556.mseed,BHE,BHN,BHZ
SC.WCH_20180825212419.mseed,BHE,BHN,BHZ
SC.JMG_20180420204353.mseed,BHE,BHN,BHZ
SC.YZP_20181031162956.mseed,BHE,BHN,BHZ
SC.PWU_20180901073640.mseed,BHE,BHN,BHZ
SC.PWU_20180526221039.mseed,BHE,BHN,BHZ
SC.PWU_20180529190933.mseed,BHE,BHN,BHZ
SC.MDS_20180901190333.mseed,BHE,BHN,BHZ
SC.WCH_20181129081220.mseed,BHE,BHN,BHZ
SC.JZG_20180112205056.mseed,BHE,BHN,BHZ
SC.WCH_20180126072637.mseed,BHE,BHN,BHZ
SC.PWU_20180311082944.mseed,BHE,BHN,BHZ
SC.GZA_20180504221403.mseed,BHE,BHN,BHZ
SC.YZP_20180902052827.mseed,BHE,BHN,BHZ
SC.JZG_20181205183143.mseed,BHE,BHN,BHZ
SC.ZJG_20181029121442.mseed,BHE,BHN,BHZ
SC.ZJG_20181208120806.mseed,BHE,BHN,BHZ
SC.MDS_20181201210713.mseed,BHE,BHN,BHZ
SC.PWU_20180719115649.mseed,BHE,BHN,BHZ
SC.TQU_20180413181653.mseed,BHE,BHN,BHZ
SC.WCH_20180131133357.mseed,BHE,BHN,BHZ
SC.WCH_20181224012938.mseed,BHE,BHN,BHZ
SC.AXI_20180411064303.mseed,BHE,BHN,BHZ
SC.PWU_20180328183701.mseed,BHE,BHN,BHZ
SC.PWU_20180117052635.mseed,BHE,BHN,BHZ
SC.AXI_20180618053245.mseed,BHE,BHN,BHZ
SC.JZG_20180529220930.mseed,BHE,BHN,BHZ
SC.ZJG_20180616090214.mseed,BHE,BHN,BHZ
SC.PWU_20180819223757.mseed,BHE,BHN,BHZ
SC.AXI_20180225064808.mseed,BHE,BHN,BHZ
SC.TQU_20180830035404.mseed,BHE,BHN,BHZ
SC.PWU_20180814074208.mseed,BHE,BHN,BHZ
SC.AXI_20180421051426.mseed,BHE,BHN,BHZ
SC.YZP_20180515231526.mseed,BHE,BHN,BHZ
SC.TQU_20181020194059.mseed,BHE,BHN,BHZ
SC.WCH_20180728154603.mseed,BHE,BHN,BHZ
SC.PWU_20180920045931.mseed,BHE,BHN,BHZ
SC.AXI_20181203032141.mseed,BHE,BHN,BHZ
SC.TQU_20180707232123.mseed,BHE,BHN,BHZ
SC.PWU_20180627225331.mseed,BHE,BHN,BHZ
SC.YZP_20180906105516.mseed,BHE,BHN,BHZ
SC.PWU_20181214150835.mseed,BHE,BHN,BHZ
SC.ZJG_20180816202009.mseed,BHE,BHN,BHZ
SC.GZA_20180910012531.mseed,BHE,BHN,BHZ
SC.JZG_20180125203801.mseed,BHE,BHN,BHZ
SC.PWU_20181003172038.mseed,BHE,BHN,BHZ
SC.JZG_20180919194628.mseed,BHE,BHN,BHZ
SC.JMG_20180419225229.mseed,BHE,BHN,BHZ
SC.JMG_20180907091313.mseed,BHE,BHN,BHZ
SC.YZP_20180114235134.mseed,BHE,BHN,BHZ
SC.PWU_20180503051203.mseed,BHE,BHN,BHZ
SC.JZG_20181127053603.mseed,BHE,BHN,BHZ
SC.JMG_20180217075706.mseed,BHE,BHN,BHZ
SC.ZJG_20180911155844.mseed,BHE,BHN,BHZ
SC.WCH_20181123165903.mseed,BHE,BHN,BHZ
SC.JZG_20180722222024.mseed,BHE,BHN,BHZ
SC.PWU_20180909230819.mseed,BHE,BHN,BHZ
SC.JZG_20180313204342.mseed,BHE,BHN,BHZ
SC.WCH_20180313010003.mseed,BHE,BHN,BHZ
SC.WCH_20180806052634.mseed,BHE,BHN,BHZ
SC.JMG_20180317055233.mseed,BHE,BHN,BHZ
SC.JZG_20180429010927.mseed,BHE,BHN,BHZ
SC.WCH_20180131171638.mseed,BHE,BHN,BHZ
SC.PWU_20180409185008.mseed,BHE,BHN,BHZ
SC.GZA_20181025120549.mseed,BHE,BHN,BHZ
SC.PWU_20180706071524.mseed,BHE,BHN,BHZ
SC.PWU_20181121173537.mseed,BHE,BHN,BHZ
SC.JMG_20180530193750.mseed,BHE,BHN,BHZ
SC.JZG_20180630231340.mseed,BHE,BHN,BHZ
SC.GZA_20181026112125.mseed,BHE,BHN,BHZ
SC.WCH_20180408222835.mseed,BHE,BHN,BHZ
SC.JMG_20180318110703.mseed,BHE,BHN,BHZ
SC.YZP_20180630204932.mseed,BHE,BHN,BHZ
SC.WCH_20180318163646.mseed,BHE,BHN,BHZ
SC.WCH_20180806141335.mseed,BHE,BHN,BHZ
SC.AXI_20180105164734.mseed,BHE,BHN,BHZ
SC.GZA_20180502083335.mseed,BHE,BHN,BHZ
SC.JZG_20180328163329.mseed,BHE,BHN,BHZ
SC.TQU_20180920072826.mseed,BHE,BHN,BHZ
SC.AXI_20180604131458.mseed,BHE,BHN,BHZ
SC.PWU_20180409181352.mseed,BHE,BHN,BHZ
SC.TQU_20180409130657.mseed,BHE,BHN,BHZ
SC.JZG_20181110205456.mseed,BHE,BHN,BHZ
SC.WCH_20180717191339.mseed,BHE,BHN,BHZ
SC.TQU_20180405001904.mseed,BHE,BHN,BHZ
SC.PWU_20180502072530.mseed,BHE,BHN,BHZ
SC.PWU_20180503215006.mseed,BHE,BHN,BHZ
SC.JZG_20180305235516.mseed,BHE,BHN,BHZ
SC.YZP_20180517204854.mseed,BHE,BHN,BHZ
SC.YZP_20180402120956.mseed,BHE,BHN,BHZ
SC.WCH_20180522234947.mseed,BHE,BHN,BHZ
SC.PWU_20180917080352.mseed,BHE,BHN,BHZ
SC.MDS_20180725131213.mseed,BHE,BHN,BHZ
SC.PWU_20180218150506.mseed,BHE,BHN,BHZ
SC.JZG_20181128125931.mseed,BHE,BHN,BHZ
SC.JMG_20180413064002.mseed,BHE,BHN,BHZ
SC.YZP_20180325200656.mseed,BHE,BHN,BHZ
SC.MDS_20181211164920.mseed,BHE,BHN,BHZ
SC.AXI_20180219030435.mseed,BHE,BHN,BHZ
SC.WCH_20180107214558.mseed,BHE,BHN,BHZ
SC.MDS_20180323115837.mseed,BHE,BHN,BHZ
SC.JZG_20180217214834.mseed,BHE,BHN,BHZ
SC.TQU_20180424183444.mseed,BHE,BHN,BHZ
SC.MDS_20180819013322.mseed,BHE,BHN,BHZ
SC.WCH_20180126221524.mseed,BHE,BHN,BHZ
SC.ZJG_20180911115558.mseed,BHE,BHN,BHZ
SC.WCH_20180331222708.mseed,BHE,BHN,BHZ
SC.AXI_20181022165826.mseed,BHE,BHN,BHZ
SC.ZJG_20180629182201.mseed,BHE,BHN,BHZ
SC.PWU_20180522180429.mseed,BHE,BHN,BHZ
SC.PWU_20180329041123.mseed,BHE,BHN,BHZ
SC.PWU_20180325190659.mseed,BHE,BHN,BHZ
SC.JZG_20181028195815.mseed,BHE,BHN,BHZ
SC.JZG_20180219182311.mseed,BHE,BHN,BHZ
SC.GZA_20180508231133.mseed,BHE,BHN,BHZ
SC.JZG_20180731090052.mseed,BHE,BHN,BHZ
SC.GZA_20181023161425.mseed,BHE,BHN,BHZ
SC.JMG_20180707105649.mseed,BHE,BHN,BHZ
SC.PWU_20180918053924.mseed,BHE,BHN,BHZ
SC.JMG_20181014064331.mseed,BHE,BHN,BHZ
SC.ZJG_20180908110622.mseed,BHE,BHN,BHZ
SC.WCH_20180802223421.mseed,BHE,BHN,BHZ
SC.YZP_20180206124711.mseed,BHE,BHN,BHZ
SC.TQU_20180208012812.mseed,BHE,BHN,BHZ
SC.AXI_20180302060149.mseed,BHE,BHN,BHZ
SC.JMG_20180922155016.mseed,BHE,BHN,BHZ
SC.YZP_20180529151206.mseed,BHE,BHN,BHZ
SC.WCH_20180304062741.mseed,BHE,BHN,BHZ
SC.JZG_20180125093239.mseed,BHE,BHN,BHZ
SC.JMG_20180313160200.mseed,BHE,BHN,BHZ
SC.AXI_20180803081614.mseed,BHE,BHN,BHZ
SC.WCH_20180223105822.mseed,BHE,BHN,BHZ
SC.PWU_20180227134342.mseed,BHE,BHN,BHZ
SC.WCH_20180406061221.mseed,BHE,BHN,BHZ
SC.AXI_20180805023733.mseed,BHE,BHN,BHZ
SC.YZP_20180726042640.mseed,BHE,BHN,BHZ
SC.AXI_20180802035808.mseed,BHE,BHN,BHZ
SC.AXI_20180126072637.mseed,BHE,BHN,BHZ
SC.WCH_20180127112142.mseed,BHE,BHN,BHZ
SC.MDS_20180128142257.mseed,BHE,BHN,BHZ
SC.PWU_20180513135843.mseed,BHE,BHN,BHZ
SC.TQU_20180117105356.mseed,BHE,BHN,BHZ
SC.WCH_20180923153531.mseed,BHE,BHN,BHZ
SC.ZJG_20180311134035.mseed,BHE,BHN,BHZ
SC.WCH_20180318110703.mseed,BHE,BHN,BHZ
SC.JZG_20180120140029.mseed,BHE,BHN,BHZ
SC.MDS_20180303052749.mseed,BHE,BHN,BHZ
SC.GZA_20181214060242.mseed,BHE,BHN,BHZ
SC.WCH_20180328132916.mseed,BHE,BHN,BHZ
SC.WCH_20180928033656.mseed,BHE,BHN,BHZ
SC.TQU_20180711214053.mseed,BHE,BHN,BHZ
SC.JZG_20180314225556.mseed,BHE,BHN,BHZ
SC.GZA_20181012194007.mseed,BHE,BHN,BHZ
SC.PWU_20180925024848.mseed,BHE,BHN,BHZ
SC.WCH_20180223210938.mseed,BHE,BHN,BHZ
SC.TQU_20180313083310.mseed,BHE,BHN,BHZ
SC.PWU_20180224163548.mseed,BHE,BHN,BHZ
SC.MDS_20180811212546.mseed,BHE,BHN,BHZ
SC.ZJG_20180112121118.mseed,BHE,BHN,BHZ
SC.JMG_20181222043913.mseed,BHE,BHN,BHZ
SC.AXI_20180307134259.mseed,BHE,BHN,BHZ
SC.PWU_20181126232406.mseed,BHE,BHN,BHZ
SC.WCH_20180627105054.mseed,BHE,BHN,BHZ
SC.AXI_20180221230741.mseed,BHE,BHN,BHZ
SC.GZA_20181226195512.mseed,BHE,BHN,BHZ
SC.YZP_20181118211740.mseed,BHE,BHN,BHZ
SC.AXI_20180708131757.mseed,BHE,BHN,BHZ
SC.TQU_20180514210138.mseed,BHE,BHN,BHZ
SC.JZG_20180130190420.mseed,BHE,BHN,BHZ
SC.WCH_20180219054231.mseed,BHE,BHN,BHZ
SC.PWU_20180314064650.mseed,BHE,BHN,BHZ
SC.YZP_20180626005220.mseed,BHE,BHN,BHZ
SC.TQU_20180516201839.mseed,BHE,BHN,BHZ
SC.JMG_20180513114354.mseed,BHE,BHN,BHZ
SC.WCH_20180417225748.mseed,BHE,BHN,BHZ
SC.MDS_20180315182450.mseed,BHE,BHN,BHZ
SC.MDS_20180927175605.mseed,BHE,BHN,BHZ
SC.GZA_20180923060139.mseed,BHE,BHN,BHZ
SC.GZA_20181110123140.mseed,BHE,BHN,BHZ
SC.PWU_20180610013810.mseed,BHE,BHN,BHZ
SC.PWU_20180114120936.mseed,BHE,BHN,BHZ
SC.GZA_20181008043931.mseed,BHE,BHN,BHZ
SC.PWU_20180901211256.mseed,BHE,BHN,BHZ
SC.WCH_20180530215810.mseed,BHE,BHN,BHZ
SC.WCH_20180227133557.mseed,BHE,BHN,BHZ
SC.ZJG_20180913094707.mseed,BHE,BHN,BHZ
SC.JMG_20181021165055.mseed,BHE,BHN,BHZ
SC.GZA_20180726055322.mseed,BHE,BHN,BHZ
SC.JMG_20180612114432.mseed,BHE,BHN,BHZ
SC.JMG_20180227133557.mseed,BHE,BHN,BHZ
SC.GZA_20180501142045.mseed,BHE,BHN,BHZ
SC.YZP_20180429065441.mseed,BHE,BHN,BHZ
SC.ZJG_20180529151206.mseed,BHE,BHN,BHZ
SC.JZG_20180905163051.mseed,BHE,BHN,BHZ
SC.JZG_20180516181635.mseed,BHE,BHN,BHZ
SC.JZG_20180119185349.mseed,BHE,BHN,BHZ
SC.WCH_20180602152142.mseed,BHE,BHN,BHZ
SC.GZA_20180722172945.mseed,BHE,BHN,BHZ
SC.PWU_20180218143025.mseed,BHE,BHN,BHZ
SC.YZP_20180323200910.mseed,BHE,BHN,BHZ
SC.PWU_20180513220041.mseed,BHE,BHN,BHZ
SC.ZJG_20180629090411.mseed,BHE,BHN,BHZ
SC.ZJG_20181101125634.mseed,BHE,BHN,BHZ
SC.ZJG_20180426124507.mseed,BHE,BHN,BHZ
SC.ZJG_20181030050004.mseed,BHE,BHN,BHZ
SC.PWU_20180106054128.mseed,BHE,BHN,BHZ
SC.WCH_20180822162418.mseed,BHE,BHN,BHZ
SC.JZG_20180325054236.mseed,BHE,BHN,BHZ
SC.WCH_20180223145759.mseed,BHE,BHN,BHZ
SC.GZA_20180215190123.mseed,BHE,BHN,BHZ
SC.TQU_20180410232348.mseed,BHE,BHN,BHZ
SC.GZA_20180811212546.mseed,BHE,BHN,BHZ
SC.JZG_20180810232015.mseed,BHE,BHN,BHZ
SC.JZG_20180522053535.mseed,BHE,BHN,BHZ
SC.GZA_20181025082620.mseed,BHE,BHN,BHZ
SC.WCH_20180227214230.mseed,BHE,BHN,BHZ
SC.PWU_20180224223628.mseed,BHE,BHN,BHZ
SC.TQU_20180919101516.mseed,BHE,BHN,BHZ
SC.PWU_20180730153447.mseed,BHE,BHN,BHZ
SC.PWU_20180728205110.mseed,BHE,BHN,BHZ
SC.AXI_20180213114004.mseed,BHE,BHN,BHZ
SC.TQU_20180417173745.mseed,BHE,BHN,BHZ
SC.JZG_20180613110111.mseed,BHE,BHN,BHZ
SC.WCH_20181018145321.mseed,BHE,BHN,BHZ
SC.GZA_20180425204148.mseed,BHE,BHN,BHZ
SC.JZG_20181112213851.mseed,BHE,BHN,BHZ
SC.PWU_20181129135527.mseed,BHE,BHN,BHZ
SC.PWU_20180303004821.mseed,BHE,BHN,BHZ
SC.PWU_20181022165826.mseed,BHE,BHN,BHZ
SC.JMG_20180403222032.mseed,BHE,BHN,BHZ
SC.PWU_20180603220548.mseed,BHE,BHN,BHZ
SC.AXI_20180205013612.mseed,BHE,BHN,BHZ
SC.YZP_20180121232149.mseed,BHE,BHN,BHZ
SC.MDS_20180921120425.mseed,BHE,BHN,BHZ
SC.PWU_20180328055746.mseed,BHE,BHN,BHZ
SC.PWU_20181008071739.mseed,BHE,BHN,BHZ
SC.JZG_20180108215823.mseed,BHE,BHN,BHZ
SC.PWU_20180602152142.mseed,BHE,BHN,BHZ
SC.YZP_20180513030247.mseed,BHE,BHN,BHZ
SC.JMG_20180406013212.mseed,BHE,BHN,BHZ
SC.WCH_20181123222341.mseed,BHE,BHN,BHZ
SC.GZA_20180516165031.mseed,BHE,BHN,BHZ
SC.JZG_20180216193258.mseed,BHE,BHN,BHZ
SC.WCH_20180906061610.mseed,BHE,BHN,BHZ
SC.AXI_20180409094738.mseed,BHE,BHN,BHZ
SC.WCH_20180507165038.mseed,BHE,BHN,BHZ
SC.JMG_20180311075845.mseed,BHE,BHN,BHZ
SC.MDS_20180516133206.mseed,BHE,BHN,BHZ
SC.JZG_20180429140912.mseed,BHE,BHN,BHZ
SC.AXI_20180708083458.mseed,BHE,BHN,BHZ
SC.GZA_20181001102428.mseed,BHE,BHN,BHZ
SC.JMG_20181008041713.mseed,BHE,BHN,BHZ
SC.AXI_20180712084445.mseed,BHE,BHN,BHZ
SC.JZG_20180421143715.mseed,BHE,BHN,BHZ
SC.JMG_20180403132857.mseed,BHE,BHN,BHZ
SC.PWU_20180521195727.mseed,BHE,BHN,BHZ
SC.YZP_20181108003324.mseed,BHE,BHN,BHZ
SC.AXI_20180913122500.mseed,BHE,BHN,BHZ
SC.GZA_20181024150755.mseed,BHE,BHN,BHZ
SC.AXI_20180712163136.mseed,BHE,BHN,BHZ
SC.YZP_20180221202632.mseed,BHE,BHN,BHZ
SC.PWU_20180624082419.mseed,BHE,BHN,BHZ
SC.WCH_20181214115703.mseed,BHE,BHN,BHZ
SC.WCH_20181115185728.mseed,BHE,BHN,BHZ
SC.AXI_20180707151935.mseed,BHE,BHN,BHZ
SC.TQU_20180605212747.mseed,BHE,BHN,BHZ
SC.GZA_20180810160926.mseed,BHE,BHN,BHZ
SC.PWU_20180909074621.mseed,BHE,BHN,BHZ
SC.JZG_20181010173554.mseed,BHE,BHN,BHZ
SC.TQU_20180905075325.mseed,BHE,BHN,BHZ
SC.WCH_20180606230140.mseed,BHE,BHN,BHZ
SC.AXI_20180814181620.mseed,BHE,BHN,BHZ
SC.MDS_20180314162605.mseed,BHE,BHN,BHZ
SC.JZG_20180530233345.mseed,BHE,BHN,BHZ
SC.ZJG_20180728102611.mseed,BHE,BHN,BHZ
SC.ZJG_20180624222216.mseed,BHE,BHN,BHZ
SC.ZJG_20180519180049.mseed,BHE,BHN,BHZ
SC.WCH_20180328094544.mseed,BHE,BHN,BHZ
SC.PWU_20180603034542.mseed,BHE,BHN,BHZ
SC.WCH_20180508200055.mseed,BHE,BHN,BHZ
SC.JZG_20180902192809.mseed,BHE,BHN,BHZ
SC.WCH_20180724191433.mseed,BHE,BHN,BHZ
SC.AXI_20180909174511.mseed,BHE,BHN,BHZ
SC.AXI_20180502033519.mseed,BHE,BHN,BHZ
SC.PWU_20180604124520.mseed,BHE,BHN,BHZ
SC.TQU_20180516181738.mseed,BHE,BHN,BHZ
SC.WCH_20181026005808.mseed,BHE,BHN,BHZ
SC.YZP_20180706210238.mseed,BHE,BHN,BHZ
SC.PWU_20181118160446.mseed,BHE,BHN,BHZ
SC.JZG_20180901073640.mseed,BHE,BHN,BHZ
SC.TQU_20180410035345.mseed,BHE,BHN,BHZ
SC.WCH_20180106213650.mseed,BHE,BHN,BHZ
SC.JZG_20180615085420.mseed,BHE,BHN,BHZ
SC.WCH_20180519003843.mseed,BHE,BHN,BHZ
SC.JZG_20180831114743.mseed,BHE,BHN,BHZ
SC.PWU_20180224111402.mseed,BHE,BHN,BHZ
SC.WCH_20181022102142.mseed,BHE,BHN,BHZ
SC.MDS_20181009124243.mseed,BHE,BHN,BHZ
SC.WCH_20180311032846.mseed,BHE,BHN,BHZ
SC.WCH_20181123120619.mseed,BHE,BHN,BHZ
SC.AXI_20180601202101.mseed,BHE,BHN,BHZ
SC.JMG_20180625022634.mseed,BHE,BHN,BHZ
SC.PWU_20180502010537.mseed,BHE,BHN,BHZ
SC.JMG_20180221014954.mseed,BHE,BHN,BHZ
SC.YZP_20180115073219.mseed,BHE,BHN,BHZ
SC.JZG_20180317221854.mseed,BHE,BHN,BHZ
SC.GZA_20180423170555.mseed,BHE,BHN,BHZ
SC.YZP_20180311163958.mseed,BHE,BHN,BHZ
SC.MDS_20181008042300.mseed,BHE,BHN,BHZ
SC.PWU_20180329024328.mseed,BHE,BHN,BHZ
SC.TQU_20180811141132.mseed,BHE,BHN,BHZ
SC.YZP_20180114124143.mseed,BHE,BHN,BHZ
SC.TQU_20180429204926.mseed,BHE,BHN,BHZ
SC.ZJG_20180317195545.mseed,BHE,BHN,BHZ
SC.AXI_20180529202249.mseed,BHE,BHN,BHZ
SC.WCH_20181013181918.mseed,BHE,BHN,BHZ
SC.TQU_20180427185832.mseed,BHE,BHN,BHZ
SC.PWU_20181217031612.mseed,BHE,BHN,BHZ
SC.AXI_20180118035729.mseed,BHE,BHN,BHZ
SC.ZJG_20180620140015.mseed,BHE,BHN,BHZ
SC.JMG_20180417145342.mseed,BHE,BHN,BHZ
SC.JZG_20180131191836.mseed,BHE,BHN,BHZ
SC.AXI_20180807220642.mseed,BHE,BHN,BHZ
SC.ZJG_20181016151057.mseed,BHE,BHN,BHZ
SC.PWU_20181223224654.mseed,BHE,BHN,BHZ
SC.YZP_20180518063035.mseed,BHE,BHN,BHZ
SC.PWU_20181012215312.mseed,BHE,BHN,BHZ
SC.JMG_20180622011815.mseed,BHE,BHN,BHZ
SC.JZG_20180103081406.mseed,BHE,BHN,BHZ
SC.JMG_20180326171114.mseed,BHE,BHN,BHZ
SC.YZP_20180404235738.mseed,BHE,BHN,BHZ
SC.AXI_20180116123941.mseed,BHE,BHN,BHZ
SC.AXI_20180329072527.mseed,BHE,BHN,BHZ
SC.JZG_20180423192438.mseed,BHE,BHN,BHZ
SC.JMG_20181215103121.mseed,BHE,BHN,BHZ
SC.PWU_20180325123753.mseed,BHE,BHN,BHZ
SC.TQU_20180605115136.mseed,BHE,BHN,BHZ
SC.YZP_20181210115145.mseed,BHE,BHN,BHZ
SC.TQU_20181006185646.mseed,BHE,BHN,BHZ
SC.PWU_20180629142533.mseed,BHE,BHN,BHZ
SC.JZG_20180730153447.mseed,BHE,BHN,BHZ
SC.PWU_20180409124621.mseed,BHE,BHN,BHZ
SC.MDS_20180420163638.mseed,BHE,BHN,BHZ
SC.MDS_20180415224633.mseed,BHE,BHN,BHZ
SC.JZG_20180312232635.mseed,BHE,BHN,BHZ
SC.ZJG_20180327094005.mseed,BHE,BHN,BHZ
SC.ZJG_20180122042228.mseed,BHE,BHN,BHZ
SC.MDS_20180210174808.mseed,BHE,BHN,BHZ
SC.PWU_20180815192019.mseed,BHE,BHN,BHZ
SC.ZJG_20180315140101.mseed,BHE,BHN,BHZ
SC.PWU_20180629212001.mseed,BHE,BHN,BHZ
SC.JMG_20180122222518.mseed,BHE,BHN,BHZ
SC.MDS_20180516165223.mseed,BHE,BHN,BHZ
SC.AXI_20180409125954.mseed,BHE,BHN,BHZ
SC.WCH_20180306211042.mseed,BHE,BHN,BHZ
SC.ZJG_20181006141116.mseed,BHE,BHN,BHZ
SC.PWU_20180606155725.mseed,BHE,BHN,BHZ
SC.WCH_20180227225126.mseed,BHE,BHN,BHZ
SC.JMG_20180502123138.mseed,BHE,BHN,BHZ
SC.AXI_20180921110344.mseed,BHE,BHN,BHZ
SC.PWU_20180410123116.mseed,BHE,BHN,BHZ
SC.JZG_20180221234338.mseed,BHE,BHN,BHZ
SC.PWU_20180419063934.mseed,BHE,BHN,BHZ
SC.PWU_20180926044457.mseed,BHE,BHN,BHZ
SC.PWU_20180219185345.mseed,BHE,BHN,BHZ
SC.JZG_20180818005242.mseed,BHE,BHN,BHZ
SC.PWU_20181001104938.mseed,BHE,BHN,BHZ
SC.PWU_20180804210823.mseed,BHE,BHN,BHZ
SC.JZG_20180405205826.mseed,BHE,BHN,BHZ
SC.AXI_20180303070509.mseed,BHE,BHN,BHZ
SC.ZJG_20180810175725.mseed,BHE,BHN,BHZ
SC.PWU_20181206123655.mseed,BHE,BHN,BHZ
SC.WCH_20180507193355.mseed,BHE,BHN,BHZ
SC.WCH_20181018213502.mseed,BHE,BHN,BHZ
SC.PWU_20180224165246.mseed,BHE,BHN,BHZ
SC.PWU_20181216154711.mseed,BHE,BHN,BHZ
SC.WCH_20180328161128.mseed,BHE,BHN,BHZ
SC.JMG_20180606155725.mseed,BHE,BHN,BHZ
SC.AXI_20180830145301.mseed,BHE,BHN,BHZ
SC.JZG_20180323010635.mseed,BHE,BHN,BHZ
SC.WCH_20180622070519.mseed,BHE,BHN,BHZ
SC.JMG_20180816202009.mseed,BHE,BHN,BHZ
SC.PWU_20181213051535.mseed,BHE,BHN,BHZ
SC.PWU_20180519044826.mseed,BHE,BHN,BHZ
SC.PWU_20180906073028.mseed,BHE,BHN,BHZ
SC.PWU_20180224065209.mseed,BHE,BHN,BHZ
SC.JZG_20180414054830.mseed,BHE,BHN,BHZ
SC.PWU_20180215155627.mseed,BHE,BHN,BHZ
SC.WCH_20181024115153.mseed,BHE,BHN,BHZ
SC.TQU_20180928164158.mseed,BHE,BHN,BHZ
SC.YZP_20180330205949.mseed,BHE,BHN,BHZ
SC.MDS_20181003051057.mseed,BHE,BHN,BHZ
SC.MDS_20180531221354.mseed,BHE,BHN,BHZ
SC.WCH_20180324035937.mseed,BHE,BHN,BHZ
SC.PWU_20180423182903.mseed,BHE,BHN,BHZ
SC.WCH_20180228014913.mseed,BHE,BHN,BHZ
SC.TQU_20180502083335.mseed,BHE,BHN,BHZ
SC.JZG_20180114132131.mseed,BHE,BHN,BHZ
SC.MDS_20180904221628.mseed,BHE,BHN,BHZ
SC.AXI_20181127015957.mseed,BHE,BHN,BHZ
SC.JZG_20180329034136.mseed,BHE,BHN,BHZ
SC.JZG_20180728013226.mseed,BHE,BHN,BHZ
SC.PWU_20181118124914.mseed,BHE,BHN,BHZ
SC.WCH_20180408224035.mseed,BHE,BHN,BHZ
SC.ZJG_20180214221319.mseed,BHE,BHN,BHZ
SC.ZJG_20180318160028.mseed,BHE,BHN,BHZ
SC.JMG_20181018102707.mseed,BHE,BHN,BHZ
SC.TQU_20180902141121.mseed,BHE,BHN,BHZ
SC.MDS_20181018213502.mseed,BHE,BHN,BHZ
SC.MDS_20180516164612.mseed,BHE,BHN,BHZ
SC.GZA_20180326113648.mseed,BHE,BHN,BHZ
SC.JZG_20180301114341.mseed,BHE,BHN,BHZ
SC.AXI_20180913131650.mseed,BHE,BHN,BHZ
SC.YZP_20180317131205.mseed,BHE,BHN,BHZ
SC.WCH_20180213165623.mseed,BHE,BHN,BHZ
SC.WCH_20180806020249.mseed,BHE,BHN,BHZ
SC.JMG_20180403093226.mseed,BHE,BHN,BHZ
SC.MDS_20180508135702.mseed,BHE,BHN,BHZ
SC.PWU_20180510123625.mseed,BHE,BHN,BHZ
SC.JZG_20180429080355.mseed,BHE,BHN,BHZ
SC.PWU_20181231150812.mseed,BHE,BHN,BHZ
SC.JZG_20180730184316.mseed,BHE,BHN,BHZ
SC.JMG_20181009172503.mseed,BHE,BHN,BHZ
SC.MDS_20180225064808.mseed,BHE,BHN,BHZ
SC.PWU_20180320032958.mseed,BHE,BHN,BHZ
SC.AXI_20180728115611.mseed,BHE,BHN,BHZ
SC.MDS_20180411184346.mseed,BHE,BHN,BHZ
SC.JZG_20180328010958.mseed,BHE,BHN,BHZ
SC.JZG_20180218115539.mseed,BHE,BHN,BHZ
SC.GZA_20180808074649.mseed,BHE,BHN,BHZ
SC.WCH_20181121011406.mseed,BHE,BHN,BHZ
SC.WCH_20180807083157.mseed,BHE,BHN,BHZ
SC.WCH_20180606171622.mseed,BHE,BHN,BHZ
SC.WCH_20180224125945.mseed,BHE,BHN,BHZ
SC.WCH_20180505013050.mseed,BHE,BHN,BHZ
SC.JZG_20180827023808.mseed,BHE,BHN,BHZ
SC.AXI_20180719204708.mseed,BHE,BHN,BHZ
SC.PWU_20180217220740.mseed,BHE,BHN,BHZ
SC.PWU_20180526121647.mseed,BHE,BHN,BHZ
SC.YZP_20181112032121.mseed,BHE,BHN,BHZ
SC.JZG_20180410080504.mseed,BHE,BHN,BHZ
SC.PWU_20181106205132.mseed,BHE,BHN,BHZ
SC.JZG_20180117112703.mseed,BHE,BHN,BHZ
SC.PWU_20181214174007.mseed,BHE,BHN,BHZ
SC.PWU_20180529201348.mseed,BHE,BHN,BHZ
SC.WCH_20180515175137.mseed,BHE,BHN,BHZ
SC.PWU_20180528194202.mseed,BHE,BHN,BHZ
SC.WCH_20181013134900.mseed,BHE,BHN,BHZ
SC.JZG_20181112235700.mseed,BHE,BHN,BHZ
SC.PWU_20181127184413.mseed,BHE,BHN,BHZ
SC.WCH_20180311053916.mseed,BHE,BHN,BHZ
SC.ZJG_20180604144521.mseed,BHE,BHN,BHZ
SC.JMG_20180131105853.mseed,BHE,BHN,BHZ
SC.PWU_20180503200717.mseed,BHE,BHN,BHZ
SC.JZG_20180324070939.mseed,BHE,BHN,BHZ
SC.GZA_20180309134654.mseed,BHE,BHN,BHZ
SC.JMG_20180901055151.mseed,BHE,BHN,BHZ
SC.YZP_20180922014650.mseed,BHE,BHN,BHZ
SC.WCH_20180523083402.mseed,BHE,BHN,BHZ
SC.ZJG_20180526121647.mseed,BHE,BHN,BHZ
SC.GZA_20180808111811.mseed,BHE,BHN,BHZ
SC.AXI_20180604123957.mseed,BHE,BHN,BHZ
SC.PWU_20180311165206.mseed,BHE,BHN,BHZ
SC.AXI_20180310061926.mseed,BHE,BHN,BHZ
SC.GZA_20181024150446.mseed,BHE,BHN,BHZ
SC.ZJG_20180914133630.mseed,BHE,BHN,BHZ
SC.PWU_20180528230842.mseed,BHE,BHN,BHZ
SC.WCH_20180629142148.mseed,BHE,BHN,BHZ
SC.PWU_20180516042208.mseed,BHE,BHN,BHZ
SC.MDS_20181216231323.mseed,BHE,BHN,BHZ
SC.JMG_20180309134654.mseed,BHE,BHN,BHZ
SC.AXI_20180807173759.mseed,BHE,BHN,BHZ
SC.GZA_20180202233102.mseed,BHE,BHN,BHZ
SC.YZP_20180417225748.mseed,BHE,BHN,BHZ
SC.YZP_20180926123213.mseed,BHE,BHN,BHZ
SC.JMG_20180613170532.mseed,BHE,BHN,BHZ
SC.AXI_20180529201348.mseed,BHE,BHN,BHZ
SC.GZA_20180323115837.mseed,BHE,BHN,BHZ
SC.PWU_20180219192048.mseed,BHE,BHN,BHZ
SC.WCH_20180927213348.mseed,BHE,BHN,BHZ
SC.PWU_20180425212515.mseed,BHE,BHN,BHZ
SC.YZP_20181224123831.mseed,BHE,BHN,BHZ
SC.MDS_20180603101131.mseed,BHE,BHN,BHZ
SC.JZG_20180418005343.mseed,BHE,BHN,BHZ
SC.PWU_20180901234118.mseed,BHE,BHN,BHZ
SC.PWU_20181005010057.mseed,BHE,BHN,BHZ
SC.JZG_20180107123019.mseed,BHE,BHN,BHZ
SC.PWU_20180316045111.mseed,BHE,BHN,BHZ
SC.ZJG_20180303125532.mseed,BHE,BHN,BHZ
SC.PWU_20181006175532.mseed,BHE,BHN,BHZ
SC.AXI_20180104103927.mseed,BHE,BHN,BHZ
SC.JZG_20180425235836.mseed,BHE,BHN,BHZ
SC.WCH_20180320230859.mseed,BHE,BHN,BHZ
SC.JZG_20180117183256.mseed,BHE,BHN,BHZ
SC.JZG_20180420035722.mseed,BHE,BHN,BHZ
SC.JZG_20180529181144.mseed,BHE,BHN,BHZ
SC.TQU_20180818215406.mseed,BHE,BHN,BHZ
SC.JZG_20180227073733.mseed,BHE,BHN,BHZ
SC.PWU_20180420032153.mseed,BHE,BHN,BHZ
SC.PWU_20180606230642.mseed,BHE,BHN,BHZ
SC.AXI_20180504015903.mseed,BHE,BHN,BHZ
SC.GZA_20180624142249.mseed,BHE,BHN,BHZ
SC.WCH_20180329072527.mseed,BHE,BHN,BHZ
SC.JMG_20180304202801.mseed,BHE,BHN,BHZ
SC.JZG_20180227034903.mseed,BHE,BHN,BHZ
SC.JZG_20180618113855.mseed,BHE,BHN,BHZ
SC.PWU_20180618163134.mseed,BHE,BHN,BHZ
SC.GZA_20180904172430.mseed,BHE,BHN,BHZ
SC.PWU_20180607181154.mseed,BHE,BHN,BHZ
SC.PWU_20180507234125.mseed,BHE,BHN,BHZ
SC.PWU_20180205221626.mseed,BHE,BHN,BHZ
SC.GZA_20180722160431.mseed,BHE,BHN,BHZ
SC.GZA_20180414022956.mseed,BHE,BHN,BHZ
SC.JZG_20180121081339.mseed,BHE,BHN,BHZ
SC.WCH_20180816141935.mseed,BHE,BHN,BHZ
SC.PWU_20180328020510.mseed,BHE,BHN,BHZ
SC.YZP_20181208192811.mseed,BHE,BHN,BHZ
SC.WCH_20181228210656.mseed,BHE,BHN,BHZ
SC.YZP_20180110175358.mseed,BHE,BHN,BHZ
SC.YZP_20180518151229.mseed,BHE,BHN,BHZ
SC.GZA_20180516170720.mseed,BHE,BHN,BHZ
SC.GZA_20180117005739.mseed,BHE,BHN,BHZ
SC.PWU_20180526220444.mseed,BHE,BHN,BHZ
SC.PWU_20181217022731.mseed,BHE,BHN,BHZ
SC.PWU_20180624061943.mseed,BHE,BHN,BHZ
SC.AXI_20180525070626.mseed,BHE,BHN,BHZ
SC.PWU_20181026124719.mseed,BHE,BHN,BHZ
SC.JMG_20180410052410.mseed,BHE,BHN,BHZ
SC.MDS_20180723082210.mseed,BHE,BHN,BHZ
SC.TQU_20180903003302.mseed,BHE,BHN,BHZ
SC.JZG_20180818222958.mseed,BHE,BHN,BHZ
SC.PWU_20181214113430.mseed,BHE,BHN,BHZ
SC.WCH_20180807220642.mseed,BHE,BHN,BHZ
SC.AXI_20180117224056.mseed,BHE,BHN,BHZ
SC.PWU_20180117102557.mseed,BHE,BHN,BHZ
SC.PWU_20180417080859.mseed,BHE,BHN,BHZ
SC.AXI_20180529025041.mseed,BHE,BHN,BHZ
SC.PWU_20180417180618.mseed,BHE,BHN,BHZ
SC.PWU_20180613162708.mseed,BHE,BHN,BHZ
SC.WCH_20180109052434.mseed,BHE,BHN,BHZ
SC.PWU_20180211091518.mseed,BHE,BHN,BHZ
SC.WCH_20180517191957.mseed,BHE,BHN,BHZ
SC.WCH_20180909111611.mseed,BHE,BHN,BHZ
SC.YZP_20180628023130.mseed,BHE,BHN,BHZ
SC.AXI_20180728115628.mseed,BHE,BHN,BHZ
SC.JMG_20180315201444.mseed,BHE,BHN,BHZ
SC.MDS_20180208042048.mseed,BHE,BHN,BHZ
SC.WCH_20180201085049.mseed,BHE,BHN,BHZ
SC.AXI_20180406044531.mseed,BHE,BHN,BHZ
SC.JZG_20181102173020.mseed,BHE,BHN,BHZ
SC.WCH_20180424092343.mseed,BHE,BHN,BHZ
SC.WCH_20180224131340.mseed,BHE,BHN,BHZ
SC.ZJG_20180504044330.mseed,BHE,BHN,BHZ
SC.PWU_20180926092050.mseed,BHE,BHN,BHZ
SC.PWU_20180922152542.mseed,BHE,BHN,BHZ
SC.JZG_20180605064214.mseed,BHE,BHN,BHZ
SC.WCH_20181025175313.mseed,BHE,BHN,BHZ
SC.PWU_20180920230601.mseed,BHE,BHN,BHZ
SC.JMG_20180128142257.mseed,BHE,BHN,BHZ
SC.AXI_20180501172249.mseed,BHE,BHN,BHZ
SC.YZP_20181022235234.mseed,BHE,BHN,BHZ
SC.WCH_20180210014010.mseed,BHE,BHN,BHZ
SC.AXI_20180816202009.mseed,BHE,BHN,BHZ
SC.PWU_20180506225817.mseed,BHE,BHN,BHZ
SC.PWU_20181021233513.mseed,BHE,BHN,BHZ
SC.WCH_20181223061440.mseed,BHE,BHN,BHZ
SC.PWU_20180610074647.mseed,BHE,BHN,BHZ
SC.PWU_20180530210433.mseed,BHE,BHN,BHZ
SC.JMG_20180813193520.mseed,BHE,BHN,BHZ
SC.WCH_20180109064245.mseed,BHE,BHN,BHZ
SC.PWU_20180623051829.mseed,BHE,BHN,BHZ
SC.WCH_20180404220528.mseed,BHE,BHN,BHZ
SC.AXI_20180913194229.mseed,BHE,BHN,BHZ
SC.YZP_20181029054916.mseed,BHE,BHN,BHZ
SC.PWU_20180429032253.mseed,BHE,BHN,BHZ
SC.PWU_20181007011145.mseed,BHE,BHN,BHZ
SC.GZA_20180424105053.mseed,BHE,BHN,BHZ
SC.WCH_20180309155608.mseed,BHE,BHN,BHZ
SC.WCH_20181213070737.mseed,BHE,BHN,BHZ
SC.WCH_20180511041829.mseed,BHE,BHN,BHZ
SC.PWU_20180504042717.mseed,BHE,BHN,BHZ
SC.YZP_20180305200731.mseed,BHE,BHN,BHZ
SC.PWU_20180512065238.mseed,BHE,BHN,BHZ
SC.MDS_20181017132919.mseed,BHE,BHN,BHZ
SC.PWU_20181010063358.mseed,BHE,BHN,BHZ
SC.PWU_20180628162648.mseed,BHE,BHN,BHZ
SC.YZP_20180315225612.mseed,BHE,BHN,BHZ
SC.YZP_20180501222107.mseed,BHE,BHN,BHZ
SC.PWU_20180513205855.mseed,BHE,BHN,BHZ
SC.PWU_20180220101811.mseed,BHE,BHN,BHZ
SC.MDS_20180224175533.mseed,BHE,BHN,BHZ
SC.AXI_20180513060505.mseed,BHE,BHN,BHZ
SC.PWU_20180421052526.mseed,BHE,BHN,BHZ
SC.GZA_20181105215743.mseed,BHE,BHN,BHZ
SC.JMG_20180117131155.mseed,BHE,BHN,BHZ
SC.WCH_20180224133339.mseed,BHE,BHN,BHZ
SC.PWU_20180630021341.mseed,BHE,BHN,BHZ
SC.MDS_20180826070718.mseed,BHE,BHN,BHZ
SC.PWU_20180624222216.mseed,BHE,BHN,BHZ
SC.JMG_20180209114754.mseed,BHE,BHN,BHZ
SC.MDS_20180518063035.mseed,BHE,BHN,BHZ
SC.WCH_20180523024206.mseed,BHE,BHN,BHZ
SC.YZP_20181012184645.mseed,BHE,BHN,BHZ
SC.JZG_20180916084732.mseed,BHE,BHN,BHZ
SC.YZP_20180507162040.mseed,BHE,BHN,BHZ
SC.YZP_20181225130444.mseed,BHE,BHN,BHZ
SC.WCH_20180305183504.mseed,BHE,BHN,BHZ
SC.PWU_20181127204737.mseed,BHE,BHN,BHZ
SC.AXI_20180122042228.mseed,BHE,BHN,BHZ
SC.PWU_20180121123509.mseed,BHE,BHN,BHZ
SC.AXI_20180209114754.mseed,BHE,BHN,BHZ
SC.WCH_20181214151209.mseed,BHE,BHN,BHZ
SC.MDS_20180620223055.mseed,BHE,BHN,BHZ
SC.MDS_20180806074558.mseed,BHE,BHN,BHZ
SC.JMG_20180120083651.mseed,BHE,BHN,BHZ
SC.JZG_20180629090411.mseed,BHE,BHN,BHZ
SC.PWU_20180907060455.mseed,BHE,BHN,BHZ
SC.PWU_20180904210428.mseed,BHE,BHN,BHZ
SC.JZG_20181226215248.mseed,BHE,BHN,BHZ
SC.PWU_20180922212131.mseed,BHE,BHN,BHZ
SC.YZP_20181026233231.mseed,BHE,BHN,BHZ
SC.PWU_20180909072654.mseed,BHE,BHN,BHZ
SC.JZG_20180815192019.mseed,BHE,BHN,BHZ
SC.PWU_20181226092101.mseed,BHE,BHN,BHZ
SC.WCH_20180929033359.mseed,BHE,BHN,BHZ
SC.GZA_20180418233419.mseed,BHE,BHN,BHZ
SC.ZJG_20181018165036.mseed,BHE,BHN,BHZ
SC.WCH_20181126140828.mseed,BHE,BHN,BHZ
SC.MDS_20180404231258.mseed,BHE,BHN,BHZ
SC.ZJG_20180317101648.mseed,BHE,BHN,BHZ
SC.MDS_20181019064213.mseed,BHE,BHN,BHZ
SC.JZG_20180803041044.mseed,BHE,BHN,BHZ
SC.TQU_20180516133206.mseed,BHE,BHN,BHZ
SC.JMG_20181212182323.mseed,BHE,BHN,BHZ
SC.WCH_20180401075200.mseed,BHE,BHN,BHZ
SC.WCH_20180502071051.mseed,BHE,BHN,BHZ
SC.YZP_20181228162108.mseed,BHE,BHN,BHZ
SC.JZG_20180729184439.mseed,BHE,BHN,BHZ
SC.WCH_20180815192019.mseed,BHE,BHN,BHZ
SC.WCH_20181013053807.mseed,BHE,BHN,BHZ
SC.ZJG_20180114173104.mseed,BHE,BHN,BHZ
SC.TQU_20181110153149.mseed,BHE,BHN,BHZ
SC.ZJG_20180706062759.mseed,BHE,BHN,BHZ
SC.PWU_20180525050315.mseed,BHE,BHN,BHZ
SC.YZP_20180524055101.mseed,BHE,BHN,BHZ
SC.JZG_20180209015947.mseed,BHE,BHN,BHZ
SC.ZJG_20180225185641.mseed,BHE,BHN,BHZ
SC.PWU_20180511120045.mseed,BHE,BHN,BHZ
SC.AXI_20181126160918.mseed,BHE,BHN,BHZ
SC.ZJG_20181004110609.mseed,BHE,BHN,BHZ
SC.JMG_20180227214230.mseed,BHE,BHN,BHZ
SC.JZG_20180830145103.mseed,BHE,BHN,BHZ
SC.JMG_20180331133826.mseed,BHE,BHN,BHZ
SC.PWU_20180606223818.mseed,BHE,BHN,BHZ
SC.AXI_20180423153928.mseed,BHE,BHN,BHZ
SC.JZG_20180308223530.mseed,BHE,BHN,BHZ
SC.WCH_20180601201722.mseed,BHE,BHN,BHZ
SC.AXI_20180604053528.mseed,BHE,BHN,BHZ
SC.MDS_20180224175832.mseed,BHE,BHN,BHZ
SC.AXI_20180116124718.mseed,BHE,BHN,BHZ
SC.JZG_20180210082701.mseed,BHE,BHN,BHZ
SC.ZJG_20180209235347.mseed,BHE,BHN,BHZ
SC.PWU_20180526083012.mseed,BHE,BHN,BHZ
SC.AXI_20180911200859.mseed,BHE,BHN,BHZ
SC.AXI_20180213143301.mseed,BHE,BHN,BHZ
SC.WCH_20180411131234.mseed,BHE,BHN,BHZ
SC.PWU_20180527091430.mseed,BHE,BHN,BHZ
SC.MDS_20181121172334.mseed,BHE,BHN,BHZ
SC.AXI_20180506152237.mseed,BHE,BHN,BHZ
SC.JMG_20180311183709.mseed,BHE,BHN,BHZ
SC.ZJG_20180318110703.mseed,BHE,BHN,BHZ
SC.WCH_20180106232200.mseed,BHE,BHN,BHZ
SC.PWU_20180813115920.mseed,BHE,BHN,BHZ
SC.PWU_20180414062931.mseed,BHE,BHN,BHZ
SC.PWU_20180608184918.mseed,BHE,BHN,BHZ
SC.YZP_20181017102014.mseed,BHE,BHN,BHZ
SC.ZJG_20180712215855.mseed,BHE,BHN,BHZ
SC.WCH_20180809041634.mseed,BHE,BHN,BHZ
SC.PWU_20180531214807.mseed,BHE,BHN,BHZ
SC.ZJG_20180320171700.mseed,BHE,BHN,BHZ
SC.ZJG_20180304180158.mseed,BHE,BHN,BHZ
SC.JZG_20180404004941.mseed,BHE,BHN,BHZ
SC.PWU_20181002232844.mseed,BHE,BHN,BHZ
SC.JZG_20181003151326.mseed,BHE,BHN,BHZ
SC.MDS_20180811141132.mseed,BHE,BHN,BHZ
SC.PWU_20180218133222.mseed,BHE,BHN,BHZ
SC.JZG_20180122134034.mseed,BHE,BHN,BHZ
SC.JMG_20180619104630.mseed,BHE,BHN,BHZ
SC.MDS_20180225184547.mseed,BHE,BHN,BHZ
SC.JMG_20180920192829.mseed,BHE,BHN,BHZ
SC.PWU_20181006141116.mseed,BHE,BHN,BHZ
SC.ZJG_20180508172228.mseed,BHE,BHN,BHZ
SC.PWU_20180416064521.mseed,BHE,BHN,BHZ
SC.JZG_20180913234144.mseed,BHE,BHN,BHZ
SC.JZG_20180106190632.mseed,BHE,BHN,BHZ
SC.JMG_20180529025157.mseed,BHE,BHN,BHZ
SC.MDS_20180303164150.mseed,BHE,BHN,BHZ
SC.PWU_20181207195804.mseed,BHE,BHN,BHZ
SC.JZG_20180912190634.mseed,BHE,BHN,BHZ
SC.WCH_20180402035512.mseed,BHE,BHN,BHZ
SC.ZJG_20180201165513.mseed,BHE,BHN,BHZ
SC.WCH_20181223041033.mseed,BHE,BHN,BHZ
SC.WCH_20180912083547.mseed,BHE,BHN,BHZ
SC.ZJG_20180812094315.mseed,BHE,BHN,BHZ
SC.PWU_20180525035040.mseed,BHE,BHN,BHZ
SC.WCH_20180224131846.mseed,BHE,BHN,BHZ
SC.ZJG_20180926102421.mseed,BHE,BHN,BHZ
SC.AXI_20180502152522.mseed,BHE,BHN,BHZ
SC.JZG_20180403232633.mseed,BHE,BHN,BHZ
SC.JZG_20180212201732.mseed,BHE,BHN,BHZ
SC.PWU_20180309200652.mseed,BHE,BHN,BHZ
SC.WCH_20180201130906.mseed,BHE,BHN,BHZ
SC.JMG_20180911143140.mseed,BHE,BHN,BHZ
SC.WCH_20180220211036.mseed,BHE,BHN,BHZ
SC.YZP_20181115072046.mseed,BHE,BHN,BHZ
SC.PWU_20180210234206.mseed,BHE,BHN,BHZ
SC.JZG_20180729111417.mseed,BHE,BHN,BHZ
SC.GZA_20180429220744.mseed,BHE,BHN,BHZ
SC.WCH_20181126232004.mseed,BHE,BHN,BHZ
SC.AXI_20180328132916.mseed,BHE,BHN,BHZ
SC.YZP_20180726151543.mseed,BHE,BHN,BHZ
SC.ZJG_20180420110926.mseed,BHE,BHN,BHZ
SC.JMG_20180128161615.mseed,BHE,BHN,BHZ
SC.PWU_20180413101344.mseed,BHE,BHN,BHZ
SC.PWU_20180920234702.mseed,BHE,BHN,BHZ
SC.TQU_20180630184809.mseed,BHE,BHN,BHZ
SC.GZA_20180814022015.mseed,BHE,BHN,BHZ
SC.TQU_20180812072141.mseed,BHE,BHN,BHZ
SC.GZA_20180828002437.mseed,BHE,BHN,BHZ
SC.YZP_20181201164842.mseed,BHE,BHN,BHZ
SC.JMG_20180329072527.mseed,BHE,BHN,BHZ
SC.TQU_20180607044731.mseed,BHE,BHN,BHZ
SC.YZP_20180502043613.mseed,BHE,BHN,BHZ
SC.WCH_20180623023649.mseed,BHE,BHN,BHZ
SC.ZJG_20180804183048.mseed,BHE,BHN,BHZ
SC.TQU_20180816104705.mseed,BHE,BHN,BHZ
SC.PWU_20180411022308.mseed,BHE,BHN,BHZ
SC.WCH_20180312234615.mseed,BHE,BHN,BHZ
SC.GZA_20180106154719.mseed,BHE,BHN,BHZ
SC.WCH_20180610075419.mseed,BHE,BHN,BHZ
SC.TQU_20181114211005.mseed,BHE,BHN,BHZ
SC.JMG_20180326171058.mseed,BHE,BHN,BHZ
SC.JZG_20180416151023.mseed,BHE,BHN,BHZ
SC.GZA_20180803234459.mseed,BHE,BHN,BHZ
SC.WCH_20180329232522.mseed,BHE,BHN,BHZ
SC.JZG_20181011205231.mseed,BHE,BHN,BHZ
SC.PWU_20180516043640.mseed,BHE,BHN,BHZ
SC.PWU_20181217020036.mseed,BHE,BHN,BHZ
SC.PWU_20180125044025.mseed,BHE,BHN,BHZ
SC.WCH_20180421034658.mseed,BHE,BHN,BHZ
SC.WCH_20180226011230.mseed,BHE,BHN,BHZ
SC.YZP_20180219054231.mseed,BHE,BHN,BHZ
SC.JMG_20180426194146.mseed,BHE,BHN,BHZ
SC.YZP_20180320013713.mseed,BHE,BHN,BHZ
SC.JMG_20180517143806.mseed,BHE,BHN,BHZ
SC.PWU_20180502074703.mseed,BHE,BHN,BHZ
SC.WCH_20180629101736.mseed,BHE,BHN,BHZ
SC.JMG_20181021133944.mseed,BHE,BHN,BHZ
SC.WCH_20180317195545.mseed,BHE,BHN,BHZ
SC.JMG_20181130184608.mseed,BHE,BHN,BHZ
SC.PWU_20181020191442.mseed,BHE,BHN,BHZ
SC.WCH_20180313193643.mseed,BHE,BHN,BHZ
SC.YZP_20181016110353.mseed,BHE,BHN,BHZ
SC.AXI_20180604124520.mseed,BHE,BHN,BHZ
SC.TQU_20180404104201.mseed,BHE,BHN,BHZ
SC.WCH_20180203083806.mseed,BHE,BHN,BHZ
SC.TQU_20180517053855.mseed,BHE,BHN,BHZ
SC.WCH_20180319044436.mseed,BHE,BHN,BHZ
SC.GZA_20180516015933.mseed,BHE,BHN,BHZ
SC.AXI_20180328011511.mseed,BHE,BHN,BHZ
SC.WCH_20180513193804.mseed,BHE,BHN,BHZ
SC.PWU_20180119045217.mseed,BHE,BHN,BHZ
SC.JZG_20180914133630.mseed,BHE,BHN,BHZ
SC.YZP_20180826215609.mseed,BHE,BHN,BHZ
SC.PWU_20181102194039.mseed,BHE,BHN,BHZ
SC.MDS_20180311124418.mseed,BHE,BHN,BHZ
SC.AXI_20181201123031.mseed,BHE,BHN,BHZ
SC.PWU_20180629154455.mseed,BHE,BHN,BHZ
SC.MDS_20180905075325.mseed,BHE,BHN,BHZ
SC.TQU_20181019234046.mseed,BHE,BHN,BHZ
SC.WCH_20180317061928.mseed,BHE,BHN,BHZ
SC.JMG_20180314140948.mseed,BHE,BHN,BHZ
SC.PWU_20180531235924.mseed,BHE,BHN,BHZ
SC.GZA_20180825091718.mseed,BHE,BHN,BHZ
SC.GZA_20180804234301.mseed,BHE,BHN,BHZ
SC.MDS_20180312231009.mseed,BHE,BHN,BHZ
SC.JMG_20180921095158.mseed,BHE,BHN,BHZ
SC.WCH_20181119213929.mseed,BHE,BHN,BHZ
SC.WCH_20180401183340.mseed,BHE,BHN,BHZ
SC.YZP_20180326004858.mseed,BHE,BHN,BHZ
SC.PWU_20181018102707.mseed,BHE,BHN,BHZ
SC.WCH_20180114165721.mseed,BHE,BHN,BHZ
SC.GZA_20180614080046.mseed,BHE,BHN,BHZ
SC.JZG_20180404033123.mseed,BHE,BHN,BHZ
SC.AXI_20180506155852.mseed,BHE,BHN,BHZ
SC.TQU_20181116055910.mseed,BHE,BHN,BHZ
SC.GZA_20180626072517.mseed,BHE,BHN,BHZ
SC.WCH_20180318200141.mseed,BHE,BHN,BHZ
SC.JMG_20180103045152.mseed,BHE,BHN,BHZ
SC.WCH_20180504071413.mseed,BHE,BHN,BHZ
SC.PWU_20180905205202.mseed,BHE,BHN,BHZ
SC.JZG_20180217220740.mseed,BHE,BHN,BHZ
SC.WCH_20180326011245.mseed,BHE,BHN,BHZ
SC.PWU_20180623044044.mseed,BHE,BHN,BHZ
SC.AXI_20180615213053.mseed,BHE,BHN,BHZ
SC.PWU_20180513030247.mseed,BHE,BHN,BHZ
SC.MDS_20181030182050.mseed,BHE,BHN,BHZ
SC.PWU_20180326171015.mseed,BHE,BHN,BHZ
SC.PWU_20180305111640.mseed,BHE,BHN,BHZ
SC.TQU_20181117131456.mseed,BHE,BHN,BHZ
SC.WCH_20180104001929.mseed,BHE,BHN,BHZ
SC.WCH_20180721165636.mseed,BHE,BHN,BHZ
SC.PWU_20181128022117.mseed,BHE,BHN,BHZ
SC.GZA_20180531125257.mseed,BHE,BHN,BHZ
SC.PWU_20180518041655.mseed,BHE,BHN,BHZ
SC.AXI_20180525062353.mseed,BHE,BHN,BHZ
SC.JMG_20180609004416.mseed,BHE,BHN,BHZ
SC.PWU_20180622193555.mseed,BHE,BHN,BHZ
SC.JMG_20180120231607.mseed,BHE,BHN,BHZ
SC.WCH_20181226114138.mseed,BHE,BHN,BHZ
SC.AXI_20180830170421.mseed,BHE,BHN,BHZ
SC.JZG_20180219075321.mseed,BHE,BHN,BHZ
SC.MDS_20181126122613.mseed,BHE,BHN,BHZ
SC.JZG_20181222064724.mseed,BHE,BHN,BHZ
SC.PWU_20180611005513.mseed,BHE,BHN,BHZ
SC.JZG_20181205215621.mseed,BHE,BHN,BHZ
SC.JZG_20181014215652.mseed,BHE,BHN,BHZ
SC.JMG_20180530153717.mseed,BHE,BHN,BHZ
SC.PWU_20180707190943.mseed,BHE,BHN,BHZ
SC.AXI_20180808130148.mseed,BHE,BHN,BHZ
SC.WCH_20180522135657.mseed,BHE,BHN,BHZ
SC.WCH_20181228134251.mseed,BHE,BHN,BHZ
SC.TQU_20181030192615.mseed,BHE,BHN,BHZ
SC.TQU_20180925044341.mseed,BHE,BHN,BHZ
SC.GZA_20180314162605.mseed,BHE,BHN,BHZ
SC.MDS_20180924170800.mseed,BHE,BHN,BHZ
SC.YZP_20180502083335.mseed,BHE,BHN,BHZ
SC.WCH_20180408092127.mseed,BHE,BHN,BHZ
SC.JZG_20180305065314.mseed,BHE,BHN,BHZ
SC.WCH_20180421195239.mseed,BHE,BHN,BHZ
SC.JZG_20180222143602.mseed,BHE,BHN,BHZ
SC.GZA_20180201114718.mseed,BHE,BHN,BHZ
SC.PWU_20180224054623.mseed,BHE,BHN,BHZ
SC.YZP_20180315140101.mseed,BHE,BHN,BHZ
SC.PWU_20180429010927.mseed,BHE,BHN,BHZ
SC.TQU_20180516133043.mseed,BHE,BHN,BHZ
SC.ZJG_20181215182841.mseed,BHE,BHN,BHZ
SC.PWU_20181127024538.mseed,BHE,BHN,BHZ
SC.WCH_20180913194229.mseed,BHE,BHN,BHZ
SC.PWU_20180819013059.mseed,BHE,BHN,BHZ
SC.TQU_20180727035035.mseed,BHE,BHN,BHZ
SC.PWU_20180819224641.mseed,BHE,BHN,BHZ
SC.WCH_20180906080717.mseed,BHE,BHN,BHZ
SC.ZJG_20180211053431.mseed,BHE,BHN,BHZ
SC.JMG_20180305073711.mseed,BHE,BHN,BHZ
SC.WCH_20180920140642.mseed,BHE,BHN,BHZ
SC.ZJG_20180503110924.mseed,BHE,BHN,BHZ
SC.PWU_20180602233427.mseed,BHE,BHN,BHZ
SC.WCH_20180923165938.mseed,BHE,BHN,BHZ
SC.WCH_20180117082829.mseed,BHE,BHN,BHZ
SC.AXI_20180708131253.mseed,BHE,BHN,BHZ
SC.JZG_20180917230227.mseed,BHE,BHN,BHZ
SC.AXI_20180817131344.mseed,BHE,BHN,BHZ
SC.MDS_20180726020846.mseed,BHE,BHN,BHZ
SC.JZG_20181108083418.mseed,BHE,BHN,BHZ
SC.WCH_20180314232814.mseed,BHE,BHN,BHZ
SC.YZP_20180402182025.mseed,BHE,BHN,BHZ
SC.JZG_20180114151411.mseed,BHE,BHN,BHZ
SC.YZP_20180413181653.mseed,BHE,BHN,BHZ
SC.AXI_20180301131326.mseed,BHE,BHN,BHZ
SC.YZP_20180526202255.mseed,BHE,BHN,BHZ
SC.PWU_20181008211110.mseed,BHE,BHN,BHZ
SC.PWU_20180913094707.mseed,BHE,BHN,BHZ
SC.GZA_20181016110353.mseed,BHE,BHN,BHZ
SC.AXI_20180426012344.mseed,BHE,BHN,BHZ
SC.WCH_20180130022826.mseed,BHE,BHN,BHZ
SC.GZA_20180903063815.mseed,BHE,BHN,BHZ
SC.AXI_20180708135055.mseed,BHE,BHN,BHZ
SC.GZA_20181210041418.mseed,BHE,BHN,BHZ
SC.TQU_20181118151705.mseed,BHE,BHN,BHZ
SC.WCH_20180902192809.mseed,BHE,BHN,BHZ
SC.PWU_20181115213655.mseed,BHE,BHN,BHZ
SC.WCH_20180625004703.mseed,BHE,BHN,BHZ
SC.PWU_20180905054512.mseed,BHE,BHN,BHZ
SC.JMG_20180525081128.mseed,BHE,BHN,BHZ
SC.JMG_20180106190632.mseed,BHE,BHN,BHZ
SC.PWU_20180322105806.mseed,BHE,BHN,BHZ
SC.WCH_20180318200547.mseed,BHE,BHN,BHZ
SC.JZG_20180222095313.mseed,BHE,BHN,BHZ
SC.WCH_20180619131936.mseed,BHE,BHN,BHZ
SC.JMG_20180122222636.mseed,BHE,BHN,BHZ
SC.GZA_20181226231026.mseed,BHE,BHN,BHZ
SC.JZG_20181124113223.mseed,BHE,BHN,BHZ
SC.AXI_20180116062722.mseed,BHE,BHN,BHZ
SC.MDS_20180303075209.mseed,BHE,BHN,BHZ
SC.PWU_20180220025017.mseed,BHE,BHN,BHZ
SC.JZG_20180214070126.mseed,BHE,BHN,BHZ
SC.PWU_20180809195443.mseed,BHE,BHN,BHZ
SC.JZG_20180404115901.mseed,BHE,BHN,BHZ
SC.ZJG_20180129144442.mseed,BHE,BHN,BHZ
SC.JZG_20180908022853.mseed,BHE,BHN,BHZ
SC.WCH_20181006141116.mseed,BHE,BHN,BHZ
SC.AXI_20180801162651.mseed,BHE,BHN,BHZ
SC.WCH_20181002213144.mseed,BHE,BHN,BHZ
SC.WCH_20180407142909.mseed,BHE,BHN,BHZ
SC.AXI_20180721210600.mseed,BHE,BHN,BHZ
SC.PWU_20180902192809.mseed,BHE,BHN,BHZ
SC.JMG_20181110063800.mseed,BHE,BHN,BHZ
SC.ZJG_20180622095459.mseed,BHE,BHN,BHZ
SC.AXI_20180730163914.mseed,BHE,BHN,BHZ
SC.WCH_20180623024802.mseed,BHE,BHN,BHZ
SC.JZG_20181231204428.mseed,BHE,BHN,BHZ
SC.JMG_20180108085440.mseed,BHE,BHN,BHZ
SC.JZG_20180512202604.mseed,BHE,BHN,BHZ
SC.ZJG_20180315103845.mseed,BHE,BHN,BHZ
SC.AXI_20181013053807.mseed,BHE,BHN,BHZ
SC.YZP_20180604030329.mseed,BHE,BHN,BHZ
SC.ZJG_20180430103047.mseed,BHE,BHN,BHZ
SC.PWU_20181010200251.mseed,BHE,BHN,BHZ
SC.PWU_20180502042844.mseed,BHE,BHN,BHZ
SC.YZP_20180624125156.mseed,BHE,BHN,BHZ
SC.WCH_20181205010711.mseed,BHE,BHN,BHZ
SC.WCH_20180221182412.mseed,BHE,BHN,BHZ
SC.JZG_20180224105445.mseed,BHE,BHN,BHZ
SC.JMG_20180918030511.mseed,BHE,BHN,BHZ
SC.WCH_20180307082423.mseed,BHE,BHN,BHZ
SC.MDS_20180407160930.mseed,BHE,BHN,BHZ
SC.YZP_20180419225229.mseed,BHE,BHN,BHZ
SC.JMG_20180317195545.mseed,BHE,BHN,BHZ
SC.PWU_20180708211451.mseed,BHE,BHN,BHZ
SC.YZP_20180423214636.mseed,BHE,BHN,BHZ
SC.ZJG_20180525142136.mseed,BHE,BHN,BHZ
SC.TQU_20181122130944.mseed,BHE,BHN,BHZ
SC.JMG_20180516230151.mseed,BHE,BHN,BHZ
SC.PWU_20180528065217.mseed,BHE,BHN,BHZ
SC.YZP_20180411181806.mseed,BHE,BHN,BHZ
SC.AXI_20180201044501.mseed,BHE,BHN,BHZ
SC.GZA_20180826101852.mseed,BHE,BHN,BHZ
SC.MDS_20181117094613.mseed,BHE,BHN,BHZ
SC.JZG_20180323021025.mseed,BHE,BHN,BHZ
SC.JZG_20180115230451.mseed,BHE,BHN,BHZ
SC.YZP_20180503101506.mseed,BHE,BHN,BHZ
SC.TQU_20180107214558.mseed,BHE,BHN,BHZ
SC.JMG_20181102003954.mseed,BHE,BHN,BHZ
SC.JZG_20180531214807.mseed,BHE,BHN,BHZ
SC.AXI_20180822140711.mseed,BHE,BHN,BHZ
SC.WCH_20181001154807.mseed,BHE,BHN,BHZ
SC.PWU_20180818070359.mseed,BHE,BHN,BHZ
SC.TQU_20180516170324.mseed,BHE,BHN,BHZ
SC.WCH_20180315140101.mseed,BHE,BHN,BHZ
SC.JMG_20180829010021.mseed,BHE,BHN,BHZ
SC.JZG_20180831121325.mseed,BHE,BHN,BHZ
SC.JMG_20180618182003.mseed,BHE,BHN,BHZ
SC.WCH_20180825213010.mseed,BHE,BHN,BHZ
SC.TQU_20180810160926.mseed,BHE,BHN,BHZ
SC.WCH_20180505030710.mseed,BHE,BHN,BHZ
SC.YZP_20180227133905.mseed,BHE,BHN,BHZ
SC.PWU_20180621110534.mseed,BHE,BHN,BHZ
SC.WCH_20181213030654.mseed,BHE,BHN,BHZ
SC.WCH_20181117190547.mseed,BHE,BHN,BHZ
SC.TQU_20180612120945.mseed,BHE,BHN,BHZ
SC.PWU_20180527110730.mseed,BHE,BHN,BHZ
SC.PWU_20180502045607.mseed,BHE,BHN,BHZ
SC.ZJG_20180307173433.mseed,BHE,BHN,BHZ
SC.GZA_20180615094933.mseed,BHE,BHN,BHZ
SC.MDS_20181128200832.mseed,BHE,BHN,BHZ
SC.WCH_20180612082631.mseed,BHE,BHN,BHZ
SC.JZG_20180113195038.mseed,BHE,BHN,BHZ
SC.JZG_20180131082813.mseed,BHE,BHN,BHZ
SC.YZP_20180508200055.mseed,BHE,BHN,BHZ
SC.ZJG_20180829094125.mseed,BHE,BHN,BHZ
SC.WCH_20181230235857.mseed,BHE,BHN,BHZ
SC.JZG_20180729161636.mseed,BHE,BHN,BHZ
SC.AXI_20180414134341.mseed,BHE,BHN,BHZ
SC.AXI_20181130181219.mseed,BHE,BHN,BHZ
SC.GZA_20181111140621.mseed,BHE,BHN,BHZ
SC.ZJG_20180712084445.mseed,BHE,BHN,BHZ
SC.WCH_20181112131831.mseed,BHE,BHN,BHZ
SC.WCH_20180826140715.mseed,BHE,BHN,BHZ
SC.AXI_20180208155902.mseed,BHE,BHN,BHZ
SC.WCH_20181210085235.mseed,BHE,BHN,BHZ
SC.AXI_20180506152557.mseed,BHE,BHN,BHZ
SC.MDS_20181216124607.mseed,BHE,BHN,BHZ
SC.JZG_20180525110353.mseed,BHE,BHN,BHZ
SC.MDS_20180221023952.mseed,BHE,BHN,BHZ
SC.PWU_20181111072147.mseed,BHE,BHN,BHZ
SC.WCH_20181014005445.mseed,BHE,BHN,BHZ
SC.WCH_20180730163914.mseed,BHE,BHN,BHZ
SC.WCH_20181230211609.mseed,BHE,BHN,BHZ
SC.MDS_20180404212450.mseed,BHE,BHN,BHZ
SC.WCH_20180119152442.mseed,BHE,BHN,BHZ
SC.WCH_20181030055742.mseed,BHE,BHN,BHZ
SC.PWU_20180420185012.mseed,BHE,BHN,BHZ
SC.AXI_20180815121837.mseed,BHE,BHN,BHZ
SC.PWU_20180820224635.mseed,BHE,BHN,BHZ
SC.TQU_20180622134609.mseed,BHE,BHN,BHZ
SC.MDS_20180809195443.mseed,BHE,BHN,BHZ
SC.WCH_20180425053758.mseed,BHE,BHN,BHZ
SC.WCH_20180331140241.mseed,BHE,BHN,BHZ
SC.WCH_20180120025104.mseed,BHE,BHN,BHZ
SC.PWU_20180706162315.mseed,BHE,BHN,BHZ
SC.JMG_20181104182343.mseed,BHE,BHN,BHZ
SC.WCH_20180328111635.mseed,BHE,BHN,BHZ
SC.PWU_20181110173053.mseed,BHE,BHN,BHZ
SC.PWU_20180902224657.mseed,BHE,BHN,BHZ
SC.PWU_20180118060701.mseed,BHE,BHN,BHZ
SC.JZG_20180526105414.mseed,BHE,BHN,BHZ
SC.MDS_20180722171632.mseed,BHE,BHN,BHZ
SC.GZA_20180405210520.mseed,BHE,BHN,BHZ
SC.PWU_20180609004416.mseed,BHE,BHN,BHZ
SC.JZG_20180423022636.mseed,BHE,BHN,BHZ
SC.WCH_20181007104258.mseed,BHE,BHN,BHZ
SC.MDS_20180208160205.mseed,BHE,BHN,BHZ
SC.PWU_20180313032953.mseed,BHE,BHN,BHZ
SC.ZJG_20180626172430.mseed,BHE,BHN,BHZ
SC.PWU_20181223133001.mseed,BHE,BHN,BHZ
SC.WCH_20180605035728.mseed,BHE,BHN,BHZ
SC.JMG_20180402161402.mseed,BHE,BHN,BHZ
SC.JMG_20180131030236.mseed,BHE,BHN,BHZ
SC.PWU_20180907091313.mseed,BHE,BHN,BHZ
SC.PWU_20181002061254.mseed,BHE,BHN,BHZ
SC.AXI_20180706062759.mseed,BHE,BHN,BHZ
SC.JMG_20180202065832.mseed,BHE,BHN,BHZ
SC.PWU_20180330110418.mseed,BHE,BHN,BHZ
SC.AXI_20180617183736.mseed,BHE,BHN,BHZ
SC.PWU_20180119015255.mseed,BHE,BHN,BHZ
SC.YZP_20180630204543.mseed,BHE,BHN,BHZ
SC.JMG_20180425025456.mseed,BHE,BHN,BHZ
SC.PWU_20180507054238.mseed,BHE,BHN,BHZ
SC.MDS_20180518061705.mseed,BHE,BHN,BHZ
SC.WCH_20180112003557.mseed,BHE,BHN,BHZ
SC.TQU_20181211155523.mseed,BHE,BHN,BHZ
SC.JZG_20180314153118.mseed,BHE,BHN,BHZ
SC.WCH_20180111181204.mseed,BHE,BHN,BHZ
SC.PWU_20181021165055.mseed,BHE,BHN,BHZ
SC.WCH_20180904172430.mseed,BHE,BHN,BHZ
SC.GZA_20180830204501.mseed,BHE,BHN,BHZ
SC.YZP_20180728154603.mseed,BHE,BHN,BHZ
SC.JZG_20181008173945.mseed,BHE,BHN,BHZ
SC.PWU_20180618212642.mseed,BHE,BHN,BHZ
SC.JZG_20180403194116.mseed,BHE,BHN,BHZ
SC.JZG_20180416203542.mseed,BHE,BHN,BHZ
SC.JMG_20181010170815.mseed,BHE,BHN,BHZ
SC.AXI_20180914183834.mseed,BHE,BHN,BHZ
SC.GZA_20180419011918.mseed,BHE,BHN,BHZ
SC.WCH_20180128093719.mseed,BHE,BHN,BHZ
SC.JZG_20180218021518.mseed,BHE,BHN,BHZ
SC.WCH_20180224140824.mseed,BHE,BHN,BHZ
SC.AXI_20181127114501.mseed,BHE,BHN,BHZ
SC.ZJG_20180522234947.mseed,BHE,BHN,BHZ
SC.TQU_20180207062109.mseed,BHE,BHN,BHZ
SC.GZA_20181023235404.mseed,BHE,BHN,BHZ
SC.JZG_20180109221852.mseed,BHE,BHN,BHZ
SC.JZG_20180105224844.mseed,BHE,BHN,BHZ
SC.GZA_20180917211545.mseed,BHE,BHN,BHZ
SC.PWU_20180418091051.mseed,BHE,BHN,BHZ
SC.AXI_20180305025630.mseed,BHE,BHN,BHZ
SC.PWU_20180929134050.mseed,BHE,BHN,BHZ
SC.PWU_20180225064808.mseed,BHE,BHN,BHZ
SC.PWU_20180510020843.mseed,BHE,BHN,BHZ
SC.WCH_20180506155852.mseed,BHE,BHN,BHZ
SC.WCH_20180805043929.mseed,BHE,BHN,BHZ
SC.WCH_20180606084726.mseed,BHE,BHN,BHZ
SC.PWU_20180128142257.mseed,BHE,BHN,BHZ
SC.PWU_20180505045556.mseed,BHE,BHN,BHZ
SC.WCH_20180624073249.mseed,BHE,BHN,BHZ
SC.AXI_20180911143036.mseed,BHE,BHN,BHZ
SC.AXI_20180304073434.mseed,BHE,BHN,BHZ
SC.TQU_20181028211323.mseed,BHE,BHN,BHZ
SC.JZG_20180419202314.mseed,BHE,BHN,BHZ
SC.GZA_20181017132919.mseed,BHE,BHN,BHZ
SC.PWU_20180822043822.mseed,BHE,BHN,BHZ
SC.WCH_20180404224821.mseed,BHE,BHN,BHZ
SC.JMG_20180115040428.mseed,BHE,BHN,BHZ
SC.GZA_20180917061832.mseed,BHE,BHN,BHZ
SC.PWU_20180902060859.mseed,BHE,BHN,BHZ
SC.WCH_20180317050551.mseed,BHE,BHN,BHZ
SC.JZG_20180712072825.mseed,BHE,BHN,BHZ
SC.GZA_20180605144653.mseed,BHE,BHN,BHZ
SC.WCH_20180303021105.mseed,BHE,BHN,BHZ
SC.WCH_20180525062353.mseed,BHE,BHN,BHZ
SC.WCH_20180507164900.mseed,BHE,BHN,BHZ
SC.MDS_20180803021046.mseed,BHE,BHN,BHZ
SC.PWU_20180610211216.mseed,BHE,BHN,BHZ
SC.PWU_20181124124600.mseed,BHE,BHN,BHZ
SC.JZG_20180314162605.mseed,BHE,BHN,BHZ
SC.WCH_20180529151206.mseed,BHE,BHN,BHZ
SC.PWU_20180222143811.mseed,BHE,BHN,BHZ
SC.JMG_20180822043822.mseed,BHE,BHN,BHZ
SC.GZA_20180922204840.mseed,BHE,BHN,BHZ
SC.GZA_20181026133704.mseed,BHE,BHN,BHZ
SC.PWU_20180218115539.mseed,BHE,BHN,BHZ
SC.AXI_20180125044025.mseed,BHE,BHN,BHZ
SC.WCH_20181020000558.mseed,BHE,BHN,BHZ
SC.PWU_20180707134253.mseed,BHE,BHN,BHZ
SC.ZJG_20180912131158.mseed,BHE,BHN,BHZ
SC.PWU_20180502024618.mseed,BHE,BHN,BHZ
SC.MDS_20181201164842.mseed,BHE,BHN,BHZ
SC.PWU_20180903120132.mseed,BHE,BHN,BHZ
SC.JZG_20181007232122.mseed,BHE,BHN,BHZ
SC.JMG_20180315140101.mseed,BHE,BHN,BHZ
SC.PWU_20180601051543.mseed,BHE,BHN,BHZ
SC.WCH_20180923195404.mseed,BHE,BHN,BHZ
SC.PWU_20180324080434.mseed,BHE,BHN,BHZ
SC.PWU_20180715070826.mseed,BHE,BHN,BHZ
SC.WCH_20181104035747.mseed,BHE,BHN,BHZ
SC.PWU_20180513114354.mseed,BHE,BHN,BHZ
SC.PWU_20180513060505.mseed,BHE,BHN,BHZ
SC.ZJG_20181122125553.mseed,BHE,BHN,BHZ
SC.JMG_20180531175724.mseed,BHE,BHN,BHZ
SC.WCH_20180221182959.mseed,BHE,BHN,BHZ
SC.GZA_20181117030147.mseed,BHE,BHN,BHZ
SC.YZP_20180107014058.mseed,BHE,BHN,BHZ
SC.GZA_20181201183453.mseed,BHE,BHN,BHZ
SC.PWU_20180317093112.mseed,BHE,BHN,BHZ
SC.WCH_20180617202602.mseed,BHE,BHN,BHZ
SC.ZJG_20180125044025.mseed,BHE,BHN,BHZ
SC.GZA_20181030232350.mseed,BHE,BHN,BHZ
SC.ZJG_20180310003910.mseed,BHE,BHN,BHZ
SC.GZA_20181024120217.mseed,BHE,BHN,BHZ
SC.AXI_20180802004947.mseed,BHE,BHN,BHZ
SC.TQU_20180926141259.mseed,BHE,BHN,BHZ
SC.GZA_20181109011947.mseed,BHE,BHN,BHZ
SC.AXI_20180506042032.mseed,BHE,BHN,BHZ
SC.WCH_20180328011511.mseed,BHE,BHN,BHZ
SC.PWU_20180314140948.mseed,BHE,BHN,BHZ
SC.JZG_20180404124247.mseed,BHE,BHN,BHZ
SC.YZP_20180611064400.mseed,BHE,BHN,BHZ
SC.AXI_20180106213650.mseed,BHE,BHN,BHZ
SC.JZG_20180409105341.mseed,BHE,BHN,BHZ
SC.GZA_20180723070204.mseed,BHE,BHN,BHZ
SC.TQU_20180706131945.mseed,BHE,BHN,BHZ
SC.MDS_20180423171749.mseed,BHE,BHN,BHZ
SC.MDS_20180528145139.mseed,BHE,BHN,BHZ
SC.JMG_20180924022600.mseed,BHE,BHN,BHZ
SC.PWU_20180723024933.mseed,BHE,BHN,BHZ
SC.WCH_20180530203139.mseed,BHE,BHN,BHZ
SC.TQU_20181218222908.mseed,BHE,BHN,BHZ
SC.JZG_20180707133619.mseed,BHE,BHN,BHZ
SC.YZP_20181119083020.mseed,BHE,BHN,BHZ
SC.AXI_20180302220931.mseed,BHE,BHN,BHZ
SC.YZP_20180426205428.mseed,BHE,BHN,BHZ
SC.GZA_20180516234952.mseed,BHE,BHN,BHZ
SC.PWU_20180429131914.mseed,BHE,BHN,BHZ
SC.PWU_20180409063450.mseed,BHE,BHN,BHZ
SC.TQU_20180516174348.mseed,BHE,BHN,BHZ
SC.GZA_20180517133158.mseed,BHE,BHN,BHZ
SC.PWU_20180519004128.mseed,BHE,BHN,BHZ
SC.PWU_20180512225524.mseed,BHE,BHN,BHZ
SC.PWU_20180118061710.mseed,BHE,BHN,BHZ
SC.GZA_20180930174104.mseed,BHE,BHN,BHZ
SC.YZP_20180608034011.mseed,BHE,BHN,BHZ
SC.AXI_20181121081721.mseed,BHE,BHN,BHZ
SC.GZA_20180516173939.mseed,BHE,BHN,BHZ
SC.TQU_20180819203117.mseed,BHE,BHN,BHZ
SC.WCH_20180805233552.mseed,BHE,BHN,BHZ
SC.WCH_20180214165904.mseed,BHE,BHN,BHZ
SC.PWU_20180423163525.mseed,BHE,BHN,BHZ
SC.PWU_20180504041853.mseed,BHE,BHN,BHZ
SC.MDS_20180303091042.mseed,BHE,BHN,BHZ
SC.TQU_20180120121318.mseed,BHE,BHN,BHZ
SC.WCH_20180806034317.mseed,BHE,BHN,BHZ
SC.JMG_20181222025212.mseed,BHE,BHN,BHZ
SC.PWU_20180519203011.mseed,BHE,BHN,BHZ
SC.JMG_20180912190634.mseed,BHE,BHN,BHZ
SC.MDS_20180227101824.mseed,BHE,BHN,BHZ
SC.YZP_20180619110016.mseed,BHE,BHN,BHZ
SC.JZG_20180331184422.mseed,BHE,BHN,BHZ
SC.PWU_20180607144917.mseed,BHE,BHN,BHZ
SC.AXI_20180708173407.mseed,BHE,BHN,BHZ
SC.WCH_20180123233848.mseed,BHE,BHN,BHZ
SC.WCH_20180819161048.mseed,BHE,BHN,BHZ
SC.ZJG_20180118110641.mseed,BHE,BHN,BHZ
SC.TQU_20180112185830.mseed,BHE,BHN,BHZ
SC.JMG_20181227085426.mseed,BHE,BHN,BHZ
SC.WCH_20180429123339.mseed,BHE,BHN,BHZ
SC.ZJG_20181023185505.mseed,BHE,BHN,BHZ
SC.PWU_20181024172107.mseed,BHE,BHN,BHZ
SC.YZP_20180427211330.mseed,BHE,BHN,BHZ
SC.JMG_20180913084742.mseed,BHE,BHN,BHZ
SC.JMG_20180122233643.mseed,BHE,BHN,BHZ
SC.AXI_20180503235701.mseed,BHE,BHN,BHZ
SC.ZJG_20180920114039.mseed,BHE,BHN,BHZ
SC.PWU_20181202055105.mseed,BHE,BHN,BHZ
SC.WCH_20181224174153.mseed,BHE,BHN,BHZ
SC.GZA_20181109074246.mseed,BHE,BHN,BHZ
SC.JZG_20180810080410.mseed,BHE,BHN,BHZ
SC.GZA_20181119164626.mseed,BHE,BHN,BHZ
SC.AXI_20180503233431.mseed,BHE,BHN,BHZ
SC.JMG_20180430094135.mseed,BHE,BHN,BHZ
SC.WCH_20180723064349.mseed,BHE,BHN,BHZ
SC.JZG_20180414091933.mseed,BHE,BHN,BHZ
SC.PWU_20180527223347.mseed,BHE,BHN,BHZ
SC.PWU_20180319004918.mseed,BHE,BHN,BHZ
SC.WCH_20180618145910.mseed,BHE,BHN,BHZ
SC.ZJG_20180818142926.mseed,BHE,BHN,BHZ
SC.PWU_20180529031801.mseed,BHE,BHN,BHZ
SC.GZA_20180814173615.mseed,BHE,BHN,BHZ
SC.PWU_20180603025838.mseed,BHE,BHN,BHZ
SC.WCH_20180604125322.mseed,BHE,BHN,BHZ
SC.ZJG_20180913131650.mseed,BHE,BHN,BHZ
SC.JZG_20180728062738.mseed,BHE,BHN,BHZ
SC.WCH_20180810080410.mseed,BHE,BHN,BHZ
